"No.","Time","Source","Destination","Protocol","Length","Info","Intervalo"
"22","1.417741","192.168.3.116","192.168.3.103","CoAP","83","NON, MID:51849, POST, coap://192.168.3.103/sensor","0.000000000"
"23","1.418535","192.168.3.103","192.168.3.116","CoAP","46","NON, MID:12391, 2.03 Valid","0.000794000"
"69","6.696064","192.168.3.116","192.168.3.103","CoAP","83","NON, MID:44660, POST, coap://192.168.3.103/sensor","5.277529000"
"70","6.696705","192.168.3.103","192.168.3.116","CoAP","46","NON, MID:12392, 2.03 Valid","0.000641000"
"129","11.982145","192.168.3.116","192.168.3.103","CoAP","83","NON, MID:17986, POST, coap://192.168.3.103/sensor","5.285440000"
"130","11.982722","192.168.3.103","192.168.3.116","CoAP","46","NON, MID:12393, 2.03 Valid","0.000577000"
"396","17.259004","192.168.3.116","192.168.3.103","CoAP","83","NON, MID:15072, POST, coap://192.168.3.103/sensor","5.276282000"
"397","17.259612","192.168.3.103","192.168.3.116","CoAP","46","NON, MID:12394, 2.03 Valid","0.000608000"
"449","22.536544","192.168.3.116","192.168.3.103","CoAP","83","NON, MID:16008, POST, coap://192.168.3.103/sensor","5.276932000"
"450","22.537216","192.168.3.103","192.168.3.116","CoAP","46","NON, MID:12395, 2.03 Valid","0.000672000"
"494","27.816673","192.168.3.116","192.168.3.103","CoAP","83","NON, MID:31665, POST, coap://192.168.3.103/sensor","5.279457000"
"495","27.817372","192.168.3.103","192.168.3.116","CoAP","46","NON, MID:12396, 2.03 Valid","0.000699000"
"642","33.096545","192.168.3.116","192.168.3.103","CoAP","83","NON, MID:61794, POST, coap://192.168.3.103/sensor","5.279173000"
"643","33.097229","192.168.3.103","192.168.3.116","CoAP","46","NON, MID:12397, 2.03 Valid","0.000684000"
"706","38.376741","192.168.3.116","192.168.3.103","CoAP","83","NON, MID:24505, POST, coap://192.168.3.103/sensor","5.279512000"
"707","38.377363","192.168.3.103","192.168.3.116","CoAP","46","NON, MID:12398, 2.03 Valid","0.000622000"
"787","43.657456","192.168.3.116","192.168.3.103","CoAP","83","NON, MID:44539, POST, coap://192.168.3.103/sensor","5.280093000"
"788","43.658236","192.168.3.103","192.168.3.116","CoAP","46","NON, MID:12399, 2.03 Valid","0.000780000"
"933","48.937564","192.168.3.116","192.168.3.103","CoAP","83","NON, MID:15878, POST, coap://192.168.3.103/sensor","5.279328000"
"934","48.938284","192.168.3.103","192.168.3.116","CoAP","46","NON, MID:12400, 2.03 Valid","0.000720000"
"985","54.218836","192.168.3.116","192.168.3.103","CoAP","83","NON, MID:42674, POST, coap://192.168.3.103/sensor","5.280552000"
"986","54.219432","192.168.3.103","192.168.3.116","CoAP","46","NON, MID:12401, 2.03 Valid","0.000596000"
"1046","59.499626","192.168.3.116","192.168.3.103","CoAP","83","NON, MID:16884, POST, coap://192.168.3.103/sensor","5.280194000"
"1047","59.500277","192.168.3.103","192.168.3.116","CoAP","46","NON, MID:12402, 2.03 Valid","0.000651000"
"1121","64.781703","192.168.3.116","192.168.3.103","CoAP","83","NON, MID:5368, POST, coap://192.168.3.103/sensor","5.281426000"
"1122","64.782311","192.168.3.103","192.168.3.116","CoAP","46","NON, MID:12403, 2.03 Valid","0.000608000"
"1160","70.058250","192.168.3.116","192.168.3.103","CoAP","83","NON, MID:36479, POST, coap://192.168.3.103/sensor","5.275939000"
"1161","70.058884","192.168.3.103","192.168.3.116","CoAP","46","NON, MID:12404, 2.03 Valid","0.000634000"
"1205","75.337646","192.168.3.116","192.168.3.103","CoAP","83","NON, MID:56916, POST, coap://192.168.3.103/sensor","5.278762000"
"1206","75.338367","192.168.3.103","192.168.3.116","CoAP","46","NON, MID:12405, 2.03 Valid","0.000721000"
"1246","80.620543","192.168.3.116","192.168.3.103","CoAP","83","NON, MID:8726, POST, coap://192.168.3.103/sensor","5.282176000"
"1247","80.621163","192.168.3.103","192.168.3.116","CoAP","46","NON, MID:12406, 2.03 Valid","0.000620000"
"1305","85.898841","192.168.3.116","192.168.3.103","CoAP","83","NON, MID:6990, POST, coap://192.168.3.103/sensor","5.277678000"
"1306","85.899456","192.168.3.103","192.168.3.116","CoAP","46","NON, MID:12407, 2.03 Valid","0.000615000"
"1378","91.179570","192.168.3.116","192.168.3.103","CoAP","83","NON, MID:34524, POST, coap://192.168.3.103/sensor","5.280114000"
"1379","91.180225","192.168.3.103","192.168.3.116","CoAP","46","NON, MID:12408, 2.03 Valid","0.000655000"
"1472","96.461561","192.168.3.116","192.168.3.103","CoAP","83","NON, MID:14287, POST, coap://192.168.3.103/sensor","5.281336000"
"1473","96.462357","192.168.3.103","192.168.3.116","CoAP","46","NON, MID:12409, 2.03 Valid","0.000796000"
"1518","101.741003","192.168.3.116","192.168.3.103","CoAP","83","NON, MID:4229, POST, coap://192.168.3.103/sensor","5.278646000"
"1519","101.741694","192.168.3.103","192.168.3.116","CoAP","46","NON, MID:12410, 2.03 Valid","0.000691000"
"1556","107.018362","192.168.3.116","192.168.3.103","CoAP","83","NON, MID:59969, POST, coap://192.168.3.103/sensor","5.276668000"
"1557","107.019126","192.168.3.103","192.168.3.116","CoAP","46","NON, MID:12411, 2.03 Valid","0.000764000"
"1610","112.299354","192.168.3.116","192.168.3.103","CoAP","83","NON, MID:28239, POST, coap://192.168.3.103/sensor","5.280228000"
"1611","112.299955","192.168.3.103","192.168.3.116","CoAP","46","NON, MID:12412, 2.03 Valid","0.000601000"
"1697","117.582230","192.168.3.116","192.168.3.103","CoAP","83","NON, MID:54453, POST, coap://192.168.3.103/sensor","5.282275000"
"1698","117.582908","192.168.3.103","192.168.3.116","CoAP","46","NON, MID:12413, 2.03 Valid","0.000678000"
"1744","122.859615","192.168.3.116","192.168.3.103","CoAP","83","NON, MID:27249, POST, coap://192.168.3.103/sensor","5.276707000"
"1745","122.860253","192.168.3.103","192.168.3.116","CoAP","46","NON, MID:12414, 2.03 Valid","0.000638000"
"1890","128.141681","192.168.3.116","192.168.3.103","CoAP","83","NON, MID:20215, POST, coap://192.168.3.103/sensor","5.281428000"
"1891","128.142379","192.168.3.103","192.168.3.116","CoAP","46","NON, MID:12415, 2.03 Valid","0.000698000"
"1930","133.418213","192.168.3.116","192.168.3.103","CoAP","83","NON, MID:39559, POST, coap://192.168.3.103/sensor","5.275834000"
"1931","133.418888","192.168.3.103","192.168.3.116","CoAP","46","NON, MID:12416, 2.03 Valid","0.000675000"
"2007","138.704622","192.168.3.116","192.168.3.103","CoAP","83","NON, MID:58051, POST, coap://192.168.3.103/sensor","5.285734000"
"2008","138.705223","192.168.3.103","192.168.3.116","CoAP","46","NON, MID:12417, 2.03 Valid","0.000601000"
"2068","143.981852","192.168.3.116","192.168.3.103","CoAP","83","NON, MID:4345, POST, coap://192.168.3.103/sensor","5.276629000"
"2069","143.982544","192.168.3.103","192.168.3.116","CoAP","46","NON, MID:12418, 2.03 Valid","0.000692000"
"2110","149.261723","192.168.3.116","192.168.3.103","CoAP","83","NON, MID:49227, POST, coap://192.168.3.103/sensor","5.279179000"
"2111","149.262420","192.168.3.103","192.168.3.116","CoAP","46","NON, MID:12419, 2.03 Valid","0.000697000"
"2237","154.540120","192.168.3.116","192.168.3.103","CoAP","83","NON, MID:35338, POST, coap://192.168.3.103/sensor","5.277700000"
"2238","154.540735","192.168.3.103","192.168.3.116","CoAP","46","NON, MID:12420, 2.03 Valid","0.000615000"
"2291","159.824444","192.168.3.116","192.168.3.103","CoAP","83","NON, MID:56487, POST, coap://192.168.3.103/sensor","5.283709000"
"2292","159.825038","192.168.3.103","192.168.3.116","CoAP","46","NON, MID:12421, 2.03 Valid","0.000594000"
"2335","165.102164","192.168.3.116","192.168.3.103","CoAP","83","NON, MID:42490, POST, coap://192.168.3.103/sensor","5.277126000"
"2336","165.102874","192.168.3.103","192.168.3.116","CoAP","46","NON, MID:12422, 2.03 Valid","0.000710000"
"2376","170.380631","192.168.3.116","192.168.3.103","CoAP","83","NON, MID:25153, POST, coap://192.168.3.103/sensor","5.277757000"
"2377","170.381271","192.168.3.103","192.168.3.116","CoAP","46","NON, MID:12423, 2.03 Valid","0.000640000"
"2413","175.665867","192.168.3.116","192.168.3.103","CoAP","83","NON, MID:27529, POST, coap://192.168.3.103/sensor","5.284596000"
"2414","175.666510","192.168.3.103","192.168.3.116","CoAP","46","NON, MID:12424, 2.03 Valid","0.000643000"
"2458","180.943677","192.168.3.116","192.168.3.103","CoAP","83","NON, MID:27408, POST, coap://192.168.3.103/sensor","5.277167000"
"2459","180.944381","192.168.3.103","192.168.3.116","CoAP","46","NON, MID:12425, 2.03 Valid","0.000704000"
"2508","186.232689","192.168.3.116","192.168.3.103","CoAP","83","NON, MID:64684, POST, coap://192.168.3.103/sensor","5.288308000"
"2509","186.233392","192.168.3.103","192.168.3.116","CoAP","46","NON, MID:12426, 2.03 Valid","0.000703000"
"2545","191.503407","192.168.3.116","192.168.3.103","CoAP","83","NON, MID:20310, POST, coap://192.168.3.103/sensor","5.270015000"
"2546","191.504195","192.168.3.103","192.168.3.116","CoAP","46","NON, MID:12427, 2.03 Valid","0.000788000"
"2651","196.781233","192.168.3.116","192.168.3.103","CoAP","83","NON, MID:65302, POST, coap://192.168.3.103/sensor","5.277038000"
"2652","196.781825","192.168.3.103","192.168.3.116","CoAP","46","NON, MID:12428, 2.03 Valid","0.000592000"
"2701","202.068254","192.168.3.116","192.168.3.103","CoAP","83","NON, MID:16498, POST, coap://192.168.3.103/sensor","5.286429000"
"2702","202.069007","192.168.3.103","192.168.3.116","CoAP","46","NON, MID:12429, 2.03 Valid","0.000753000"
"2759","207.345584","192.168.3.116","192.168.3.103","CoAP","83","NON, MID:38618, POST, coap://192.168.3.103/sensor","5.276577000"
"2760","207.346156","192.168.3.103","192.168.3.116","CoAP","46","NON, MID:12430, 2.03 Valid","0.000572000"
"2801","212.623368","192.168.3.116","192.168.3.103","CoAP","83","NON, MID:63186, POST, coap://192.168.3.103/sensor","5.277212000"
"2802","212.624047","192.168.3.103","192.168.3.116","CoAP","46","NON, MID:12431, 2.03 Valid","0.000679000"
"2891","217.903023","192.168.3.116","192.168.3.103","CoAP","83","NON, MID:37952, POST, coap://192.168.3.103/sensor","5.278976000"
"2892","217.903685","192.168.3.103","192.168.3.116","CoAP","46","NON, MID:12432, 2.03 Valid","0.000662000"
"3028","223.187583","192.168.3.116","192.168.3.103","CoAP","83","NON, MID:39784, POST, coap://192.168.3.103/sensor","5.283898000"
"3029","223.188248","192.168.3.103","192.168.3.116","CoAP","46","NON, MID:12433, 2.03 Valid","0.000665000"
"3084","228.462578","192.168.3.116","192.168.3.103","CoAP","83","NON, MID:2453, POST, coap://192.168.3.103/sensor","5.274330000"
"3085","228.463256","192.168.3.103","192.168.3.116","CoAP","46","NON, MID:12434, 2.03 Valid","0.000678000"
"4008","233.743978","192.168.3.116","192.168.3.103","CoAP","83","NON, MID:63623, POST, coap://192.168.3.103/sensor","5.280722000"
"4009","233.744681","192.168.3.103","192.168.3.116","CoAP","46","NON, MID:12435, 2.03 Valid","0.000703000"
"4330","239.021639","192.168.3.116","192.168.3.103","CoAP","83","NON, MID:30891, POST, coap://192.168.3.103/sensor","5.276958000"
"4331","239.022223","192.168.3.103","192.168.3.116","CoAP","46","NON, MID:12436, 2.03 Valid","0.000584000"
"4626","244.303273","192.168.3.116","192.168.3.103","CoAP","83","NON, MID:29971, POST, coap://192.168.3.103/sensor","5.281050000"
"4627","244.303969","192.168.3.103","192.168.3.116","CoAP","46","NON, MID:12437, 2.03 Valid","0.000696000"
"4894","249.590282","192.168.3.116","192.168.3.103","CoAP","83","NON, MID:26697, POST, coap://192.168.3.103/sensor","5.286313000"
"4895","249.590897","192.168.3.103","192.168.3.116","CoAP","46","NON, MID:12438, 2.03 Valid","0.000615000"
"5239","254.872947","192.168.3.116","192.168.3.103","CoAP","83","NON, MID:38046, POST, coap://192.168.3.103/sensor","5.282050000"
"5240","254.873805","192.168.3.103","192.168.3.116","CoAP","46","NON, MID:12439, 2.03 Valid","0.000858000"
"5570","260.142537","192.168.3.116","192.168.3.103","CoAP","83","NON, MID:33541, POST, coap://192.168.3.103/sensor","5.268732000"
"5571","260.143349","192.168.3.103","192.168.3.116","CoAP","46","NON, MID:12440, 2.03 Valid","0.000812000"
"5644","265.421402","192.168.3.116","192.168.3.103","CoAP","83","NON, MID:34972, POST, coap://192.168.3.103/sensor","5.278053000"
"5645","265.422185","192.168.3.103","192.168.3.116","CoAP","46","NON, MID:12441, 2.03 Valid","0.000783000"
"5688","270.703398","192.168.3.116","192.168.3.103","CoAP","83","NON, MID:9012, POST, coap://192.168.3.103/sensor","5.281213000"
"5689","270.704180","192.168.3.103","192.168.3.116","CoAP","46","NON, MID:12442, 2.03 Valid","0.000782000"
"5742","275.983519","192.168.3.116","192.168.3.103","CoAP","83","NON, MID:13145, POST, coap://192.168.3.103/sensor","5.279339000"
"5743","275.984308","192.168.3.103","192.168.3.116","CoAP","46","NON, MID:12443, 2.03 Valid","0.000789000"
"5797","281.261572","192.168.3.116","192.168.3.103","CoAP","83","NON, MID:12, POST, coap://192.168.3.103/sensor","5.277264000"
"5798","281.262333","192.168.3.103","192.168.3.116","CoAP","46","NON, MID:12444, 2.03 Valid","0.000761000"
"5864","286.548591","192.168.3.116","192.168.3.103","CoAP","83","NON, MID:7342, POST, coap://192.168.3.103/sensor","5.286258000"
"5865","286.549432","192.168.3.103","192.168.3.116","CoAP","46","NON, MID:12445, 2.03 Valid","0.000841000"
"5913","291.821759","192.168.3.116","192.168.3.103","CoAP","83","NON, MID:50995, POST, coap://192.168.3.103/sensor","5.272327000"
"5914","291.822494","192.168.3.103","192.168.3.116","CoAP","46","NON, MID:12446, 2.03 Valid","0.000735000"
"5977","297.102128","192.168.3.116","192.168.3.103","CoAP","83","NON, MID:35709, POST, coap://192.168.3.103/sensor","5.279634000"
"5978","297.102903","192.168.3.103","192.168.3.116","CoAP","46","NON, MID:12447, 2.03 Valid","0.000775000"
"6073","302.381962","192.168.3.116","192.168.3.103","CoAP","83","NON, MID:35108, POST, coap://192.168.3.103/sensor","5.279059000"
"6074","302.382716","192.168.3.103","192.168.3.116","CoAP","46","NON, MID:12448, 2.03 Valid","0.000754000"
"6125","307.664254","192.168.3.116","192.168.3.103","CoAP","83","NON, MID:65438, POST, coap://192.168.3.103/sensor","5.281538000"
"6126","307.665062","192.168.3.103","192.168.3.116","CoAP","46","NON, MID:12449, 2.03 Valid","0.000808000"
"6329","312.942263","192.168.3.116","192.168.3.103","CoAP","83","NON, MID:13609, POST, coap://192.168.3.103/sensor","5.277201000"
"6330","312.942958","192.168.3.103","192.168.3.116","CoAP","46","NON, MID:12450, 2.03 Valid","0.000695000"
"6613","318.241252","192.168.3.116","192.168.3.103","CoAP","83","NON, MID:3417, POST, coap://192.168.3.103/sensor","5.298294000"
"6614","318.242027","192.168.3.103","192.168.3.116","CoAP","46","NON, MID:12451, 2.03 Valid","0.000775000"
"8144","323.506281","192.168.3.116","192.168.3.103","CoAP","83","NON, MID:15775, POST, coap://192.168.3.103/sensor","5.264254000"
"8145","323.506998","192.168.3.103","192.168.3.116","CoAP","46","NON, MID:12452, 2.03 Valid","0.000717000"
"8452","328.782354","192.168.3.116","192.168.3.103","CoAP","83","NON, MID:49657, POST, coap://192.168.3.103/sensor","5.275356000"
"8453","328.783129","192.168.3.103","192.168.3.116","CoAP","46","NON, MID:12453, 2.03 Valid","0.000775000"
"8516","334.062512","192.168.3.116","192.168.3.103","CoAP","83","NON, MID:32186, POST, coap://192.168.3.103/sensor","5.279383000"
"8517","334.063205","192.168.3.103","192.168.3.116","CoAP","46","NON, MID:12454, 2.03 Valid","0.000693000"
"8563","339.345924","192.168.3.116","192.168.3.103","CoAP","83","NON, MID:31523, POST, coap://192.168.3.103/sensor","5.282719000"
"8564","339.346641","192.168.3.103","192.168.3.116","CoAP","46","NON, MID:12455, 2.03 Valid","0.000717000"
"8612","344.623565","192.168.3.116","192.168.3.103","CoAP","83","NON, MID:40130, POST, coap://192.168.3.103/sensor","5.276924000"
"8613","344.624512","192.168.3.103","192.168.3.116","CoAP","46","NON, MID:12456, 2.03 Valid","0.000947000"
"8916","349.904039","192.168.3.116","192.168.3.103","CoAP","83","NON, MID:13878, POST, coap://192.168.3.103/sensor","5.279527000"
"8920","349.904816","192.168.3.103","192.168.3.116","CoAP","46","NON, MID:12457, 2.03 Valid","0.000777000"
"8975","355.184897","192.168.3.116","192.168.3.103","CoAP","83","NON, MID:4645, POST, coap://192.168.3.103/sensor","5.280081000"
"8976","355.185668","192.168.3.103","192.168.3.116","CoAP","46","NON, MID:12458, 2.03 Valid","0.000771000"
"9031","360.465555","192.168.3.116","192.168.3.103","CoAP","83","NON, MID:62408, POST, coap://192.168.3.103/sensor","5.279887000"
"9032","360.466347","192.168.3.103","192.168.3.116","CoAP","46","NON, MID:12459, 2.03 Valid","0.000792000"
"9106","365.745351","192.168.3.116","192.168.3.103","CoAP","83","NON, MID:37407, POST, coap://192.168.3.103/sensor","5.279004000"
"9107","365.746145","192.168.3.103","192.168.3.116","CoAP","46","NON, MID:12460, 2.03 Valid","0.000794000"
"9170","371.024426","192.168.3.116","192.168.3.103","CoAP","83","NON, MID:51178, POST, coap://192.168.3.103/sensor","5.278281000"
"9171","371.025175","192.168.3.103","192.168.3.116","CoAP","46","NON, MID:12461, 2.03 Valid","0.000749000"
"9217","376.304096","192.168.3.116","192.168.3.103","CoAP","83","NON, MID:40858, POST, coap://192.168.3.103/sensor","5.278921000"
"9218","376.304807","192.168.3.103","192.168.3.116","CoAP","46","NON, MID:12462, 2.03 Valid","0.000711000"
"9256","381.584140","192.168.3.116","192.168.3.103","CoAP","83","NON, MID:20957, POST, coap://192.168.3.103/sensor","5.279333000"
"9257","381.584926","192.168.3.103","192.168.3.116","CoAP","46","NON, MID:12463, 2.03 Valid","0.000786000"
"9366","386.867054","192.168.3.116","192.168.3.103","CoAP","83","NON, MID:33150, POST, coap://192.168.3.103/sensor","5.282128000"
"9367","386.867756","192.168.3.103","192.168.3.116","CoAP","46","NON, MID:12464, 2.03 Valid","0.000702000"
"9412","392.145402","192.168.3.116","192.168.3.103","CoAP","83","NON, MID:46725, POST, coap://192.168.3.103/sensor","5.277646000"
"9413","392.146173","192.168.3.103","192.168.3.116","CoAP","46","NON, MID:12465, 2.03 Valid","0.000771000"
"9467","397.425313","192.168.3.116","192.168.3.103","CoAP","83","NON, MID:27112, POST, coap://192.168.3.103/sensor","5.279140000"
"9468","397.426042","192.168.3.103","192.168.3.116","CoAP","46","NON, MID:12466, 2.03 Valid","0.000729000"
"9513","402.704870","192.168.3.116","192.168.3.103","CoAP","83","NON, MID:60633, POST, coap://192.168.3.103/sensor","5.278828000"
"9514","402.705583","192.168.3.103","192.168.3.116","CoAP","46","NON, MID:12467, 2.03 Valid","0.000713000"
"9620","407.984954","192.168.3.116","192.168.3.103","CoAP","83","NON, MID:54441, POST, coap://192.168.3.103/sensor","5.279371000"
"9621","407.985746","192.168.3.103","192.168.3.116","CoAP","46","NON, MID:12468, 2.03 Valid","0.000792000"
"9726","413.267693","192.168.3.116","192.168.3.103","CoAP","83","NON, MID:24225, POST, coap://192.168.3.103/sensor","5.281947000"
"9727","413.268529","192.168.3.103","192.168.3.116","CoAP","46","NON, MID:12469, 2.03 Valid","0.000836000"
"9788","418.547318","192.168.3.116","192.168.3.103","CoAP","83","NON, MID:8635, POST, coap://192.168.3.103/sensor","5.278789000"
"9789","418.548092","192.168.3.103","192.168.3.116","CoAP","46","NON, MID:12470, 2.03 Valid","0.000774000"
"9835","423.827261","192.168.3.116","192.168.3.103","CoAP","83","NON, MID:48075, POST, coap://192.168.3.103/sensor","5.279169000"
"9836","423.828117","192.168.3.103","192.168.3.116","CoAP","46","NON, MID:12471, 2.03 Valid","0.000856000"
"9881","429.107859","192.168.3.116","192.168.3.103","CoAP","83","NON, MID:25487, POST, coap://192.168.3.103/sensor","5.279742000"
"9882","429.108586","192.168.3.103","192.168.3.116","CoAP","46","NON, MID:12472, 2.03 Valid","0.000727000"
"9923","434.384811","192.168.3.116","192.168.3.103","CoAP","83","NON, MID:4118, POST, coap://192.168.3.103/sensor","5.276225000"
"9924","434.385597","192.168.3.103","192.168.3.116","CoAP","46","NON, MID:12473, 2.03 Valid","0.000786000"
"10017","439.666587","192.168.3.116","192.168.3.103","CoAP","83","NON, MID:29101, POST, coap://192.168.3.103/sensor","5.280990000"
"10018","439.667350","192.168.3.103","192.168.3.116","CoAP","46","NON, MID:12474, 2.03 Valid","0.000763000"
"10081","444.946217","192.168.3.116","192.168.3.103","CoAP","83","NON, MID:22109, POST, coap://192.168.3.103/sensor","5.278867000"
"10082","444.946992","192.168.3.103","192.168.3.116","CoAP","46","NON, MID:12475, 2.03 Valid","0.000775000"
"10225","450.225324","192.168.3.116","192.168.3.103","CoAP","83","NON, MID:44050, POST, coap://192.168.3.103/sensor","5.278332000"
"10226","450.226106","192.168.3.103","192.168.3.116","CoAP","46","NON, MID:12476, 2.03 Valid","0.000782000"
"10312","455.508152","192.168.3.116","192.168.3.103","CoAP","83","NON, MID:58255, POST, coap://192.168.3.103/sensor","5.282046000"
"10313","455.508933","192.168.3.103","192.168.3.116","CoAP","46","NON, MID:12477, 2.03 Valid","0.000781000"
"10364","460.785079","192.168.3.116","192.168.3.103","CoAP","83","NON, MID:51363, POST, coap://192.168.3.103/sensor","5.276146000"
"10365","460.785906","192.168.3.103","192.168.3.116","CoAP","46","NON, MID:12478, 2.03 Valid","0.000827000"
"10399","466.069028","192.168.3.116","192.168.3.103","CoAP","83","NON, MID:32493, POST, coap://192.168.3.103/sensor","5.283122000"
"10400","466.069721","192.168.3.103","192.168.3.116","CoAP","46","NON, MID:12479, 2.03 Valid","0.000693000"
"10459","471.346875","192.168.3.116","192.168.3.103","CoAP","83","NON, MID:63889, POST, coap://192.168.3.103/sensor","5.277154000"
"10460","471.347631","192.168.3.103","192.168.3.116","CoAP","46","NON, MID:12480, 2.03 Valid","0.000756000"
"10546","476.625225","192.168.3.116","192.168.3.103","CoAP","83","NON, MID:18771, POST, coap://192.168.3.103/sensor","5.277594000"
"10547","476.626041","192.168.3.103","192.168.3.116","CoAP","46","NON, MID:12481, 2.03 Valid","0.000816000"
"10617","481.906415","192.168.3.116","192.168.3.103","CoAP","83","NON, MID:10561, POST, coap://192.168.3.103/sensor","5.280374000"
"10618","481.907197","192.168.3.103","192.168.3.116","CoAP","46","NON, MID:12482, 2.03 Valid","0.000782000"
"10671","487.189127","192.168.3.116","192.168.3.103","CoAP","83","NON, MID:9897, POST, coap://192.168.3.103/sensor","5.281930000"
"10672","487.190031","192.168.3.103","192.168.3.116","CoAP","46","NON, MID:12483, 2.03 Valid","0.000904000"
"10708","492.465208","192.168.3.116","192.168.3.103","CoAP","83","NON, MID:39117, POST, coap://192.168.3.103/sensor","5.275177000"
"10709","492.465985","192.168.3.103","192.168.3.116","CoAP","46","NON, MID:12484, 2.03 Valid","0.000777000"
"10744","497.745379","192.168.3.116","192.168.3.103","CoAP","83","NON, MID:55619, POST, coap://192.168.3.103/sensor","5.279394000"
"10745","497.746126","192.168.3.103","192.168.3.116","CoAP","46","NON, MID:12485, 2.03 Valid","0.000747000"
"10874","503.025697","192.168.3.116","192.168.3.103","CoAP","83","NON, MID:10914, POST, coap://192.168.3.103/sensor","5.279571000"
"10875","503.026528","192.168.3.103","192.168.3.116","CoAP","46","NON, MID:12486, 2.03 Valid","0.000831000"
"10939","508.304354","192.168.3.116","192.168.3.103","CoAP","83","NON, MID:12927, POST, coap://192.168.3.103/sensor","5.277826000"
"10940","508.305191","192.168.3.103","192.168.3.116","CoAP","46","NON, MID:12487, 2.03 Valid","0.000837000"
"11009","513.589668","192.168.3.116","192.168.3.103","CoAP","83","NON, MID:49458, POST, coap://192.168.3.103/sensor","5.284477000"
"11010","513.590377","192.168.3.103","192.168.3.116","CoAP","46","NON, MID:12488, 2.03 Valid","0.000709000"
"11059","518.865489","192.168.3.116","192.168.3.103","CoAP","83","NON, MID:38991, POST, coap://192.168.3.103/sensor","5.275112000"
"11060","518.866283","192.168.3.103","192.168.3.116","CoAP","46","NON, MID:12489, 2.03 Valid","0.000794000"
"11117","524.144699","192.168.3.116","192.168.3.103","CoAP","83","NON, MID:59398, POST, coap://192.168.3.103/sensor","5.278416000"
"11118","524.145469","192.168.3.103","192.168.3.116","CoAP","46","NON, MID:12490, 2.03 Valid","0.000770000"
"11168","529.430012","192.168.3.116","192.168.3.103","CoAP","83","NON, MID:56893, POST, coap://192.168.3.103/sensor","5.284543000"
"11169","529.430731","192.168.3.103","192.168.3.116","CoAP","46","NON, MID:12491, 2.03 Valid","0.000719000"
"11216","534.707106","192.168.3.116","192.168.3.103","CoAP","83","NON, MID:51974, POST, coap://192.168.3.103/sensor","5.276375000"
"11217","534.707930","192.168.3.103","192.168.3.116","CoAP","46","NON, MID:12492, 2.03 Valid","0.000824000"
"11255","539.989272","192.168.3.116","192.168.3.103","CoAP","83","NON, MID:35527, POST, coap://192.168.3.103/sensor","5.281342000"
"11256","539.990061","192.168.3.103","192.168.3.116","CoAP","46","NON, MID:12493, 2.03 Valid","0.000789000"
"11298","545.269787","192.168.3.116","192.168.3.103","CoAP","83","NON, MID:61681, POST, coap://192.168.3.103/sensor","5.279726000"
"11299","545.270539","192.168.3.103","192.168.3.116","CoAP","46","NON, MID:12494, 2.03 Valid","0.000752000"
"11341","550.557664","192.168.3.116","192.168.3.103","CoAP","83","NON, MID:33327, POST, coap://192.168.3.103/sensor","5.287125000"
"11342","550.558427","192.168.3.103","192.168.3.116","CoAP","46","NON, MID:12495, 2.03 Valid","0.000763000"
"11383","555.832725","192.168.3.116","192.168.3.103","CoAP","83","NON, MID:46887, POST, coap://192.168.3.103/sensor","5.274298000"
"11384","555.833599","192.168.3.103","192.168.3.116","CoAP","46","NON, MID:12496, 2.03 Valid","0.000874000"
"11481","561.106537","192.168.3.116","192.168.3.103","CoAP","83","NON, MID:33994, POST, coap://192.168.3.103/sensor","5.272938000"
"11482","561.107323","192.168.3.103","192.168.3.116","CoAP","46","NON, MID:12497, 2.03 Valid","0.000786000"
"11572","566.386649","192.168.3.116","192.168.3.103","CoAP","83","NON, MID:56090, POST, coap://192.168.3.103/sensor","5.279326000"
"11573","566.387412","192.168.3.103","192.168.3.116","CoAP","46","NON, MID:12498, 2.03 Valid","0.000763000"
"11632","571.668301","192.168.3.116","192.168.3.103","CoAP","83","NON, MID:41824, POST, coap://192.168.3.103/sensor","5.280889000"
"11633","571.669095","192.168.3.103","192.168.3.116","CoAP","46","NON, MID:12499, 2.03 Valid","0.000794000"
"11707","576.949296","192.168.3.116","192.168.3.103","CoAP","83","NON, MID:1523, POST, coap://192.168.3.103/sensor","5.280201000"
"11708","576.949990","192.168.3.103","192.168.3.116","CoAP","46","NON, MID:12500, 2.03 Valid","0.000694000"
"12009","582.227012","192.168.3.116","192.168.3.103","CoAP","83","NON, MID:29566, POST, coap://192.168.3.103/sensor","5.277022000"
"12010","582.227787","192.168.3.103","192.168.3.116","CoAP","46","NON, MID:12501, 2.03 Valid","0.000775000"
"12068","587.506556","192.168.3.116","192.168.3.103","CoAP","83","NON, MID:57007, POST, coap://192.168.3.103/sensor","5.278769000"
"12069","587.507369","192.168.3.103","192.168.3.116","CoAP","46","NON, MID:12502, 2.03 Valid","0.000813000"
"12121","592.787822","192.168.3.116","192.168.3.103","CoAP","83","NON, MID:9680, POST, coap://192.168.3.103/sensor","5.280453000"
"12122","592.788613","192.168.3.103","192.168.3.116","CoAP","46","NON, MID:12503, 2.03 Valid","0.000791000"
"12157","598.066744","192.168.3.116","192.168.3.103","CoAP","83","NON, MID:22588, POST, coap://192.168.3.103/sensor","5.278131000"
"12158","598.067504","192.168.3.103","192.168.3.116","CoAP","46","NON, MID:12504, 2.03 Valid","0.000760000"
"12214","603.347483","192.168.3.116","192.168.3.103","CoAP","83","NON, MID:55217, POST, coap://192.168.3.103/sensor","5.279979000"
"12215","603.348259","192.168.3.103","192.168.3.116","CoAP","46","NON, MID:12505, 2.03 Valid","0.000776000"
"12319","608.628411","192.168.3.116","192.168.3.103","CoAP","83","NON, MID:49271, POST, coap://192.168.3.103/sensor","5.280152000"
"12320","608.629213","192.168.3.103","192.168.3.116","CoAP","46","NON, MID:12506, 2.03 Valid","0.000802000"
"12355","613.906402","192.168.3.116","192.168.3.103","CoAP","83","NON, MID:4204, POST, coap://192.168.3.103/sensor","5.277189000"
"12356","613.907200","192.168.3.103","192.168.3.116","CoAP","46","NON, MID:12507, 2.03 Valid","0.000798000"
"12519","619.192120","192.168.3.116","192.168.3.103","CoAP","83","NON, MID:34884, POST, coap://192.168.3.103/sensor","5.284920000"
"12520","619.192894","192.168.3.103","192.168.3.116","CoAP","46","NON, MID:12508, 2.03 Valid","0.000774000"
"12617","624.469369","192.168.3.116","192.168.3.103","CoAP","83","NON, MID:35533, POST, coap://192.168.3.103/sensor","5.276475000"
"12618","624.470179","192.168.3.103","192.168.3.116","CoAP","46","NON, MID:12509, 2.03 Valid","0.000810000"
"12710","629.748473","192.168.3.116","192.168.3.103","CoAP","83","NON, MID:47107, POST, coap://192.168.3.103/sensor","5.278294000"
"12711","629.749266","192.168.3.103","192.168.3.116","CoAP","46","NON, MID:12510, 2.03 Valid","0.000793000"
"12770","635.027386","192.168.3.116","192.168.3.103","CoAP","83","NON, MID:28321, POST, coap://192.168.3.103/sensor","5.278120000"
"12771","635.028231","192.168.3.103","192.168.3.116","CoAP","46","NON, MID:12511, 2.03 Valid","0.000845000"
"12812","640.307203","192.168.3.116","192.168.3.103","CoAP","83","NON, MID:18604, POST, coap://192.168.3.103/sensor","5.278972000"
"12813","640.308227","192.168.3.103","192.168.3.116","CoAP","46","NON, MID:12512, 2.03 Valid","0.001024000"
"12871","645.588079","192.168.3.116","192.168.3.103","CoAP","83","NON, MID:801, POST, coap://192.168.3.103/sensor","5.279852000"
"12872","645.588827","192.168.3.103","192.168.3.116","CoAP","46","NON, MID:12513, 2.03 Valid","0.000748000"
"13045","650.868328","192.168.3.116","192.168.3.103","CoAP","83","NON, MID:33782, POST, coap://192.168.3.103/sensor","5.279501000"
"13046","650.869111","192.168.3.103","192.168.3.116","CoAP","46","NON, MID:12514, 2.03 Valid","0.000783000"
"13122","656.149439","192.168.3.116","192.168.3.103","CoAP","83","NON, MID:29810, POST, coap://192.168.3.103/sensor","5.280328000"
"13123","656.150339","192.168.3.103","192.168.3.116","CoAP","46","NON, MID:12515, 2.03 Valid","0.000900000"
"13171","661.430717","192.168.3.116","192.168.3.103","CoAP","83","NON, MID:18805, POST, coap://192.168.3.103/sensor","5.280378000"
"13172","661.431458","192.168.3.103","192.168.3.116","CoAP","46","NON, MID:12516, 2.03 Valid","0.000741000"
"13271","666.707100","192.168.3.116","192.168.3.103","CoAP","83","NON, MID:22526, POST, coap://192.168.3.103/sensor","5.275642000"
"13272","666.707885","192.168.3.103","192.168.3.116","CoAP","46","NON, MID:12517, 2.03 Valid","0.000785000"
"13334","671.988802","192.168.3.116","192.168.3.103","CoAP","83","NON, MID:19137, POST, coap://192.168.3.103/sensor","5.280917000"
"13335","671.989581","192.168.3.103","192.168.3.116","CoAP","46","NON, MID:12518, 2.03 Valid","0.000779000"
"13386","677.268989","192.168.3.116","192.168.3.103","CoAP","83","NON, MID:63929, POST, coap://192.168.3.103/sensor","5.279408000"
"13387","677.269755","192.168.3.103","192.168.3.116","CoAP","46","NON, MID:12519, 2.03 Valid","0.000766000"
"13442","682.549400","192.168.3.116","192.168.3.103","CoAP","83","NON, MID:62761, POST, coap://192.168.3.103/sensor","5.279645000"
"13443","682.550233","192.168.3.103","192.168.3.116","CoAP","46","NON, MID:12520, 2.03 Valid","0.000833000"
"13489","687.827440","192.168.3.116","192.168.3.103","CoAP","83","NON, MID:54001, POST, coap://192.168.3.103/sensor","5.277207000"
"13490","687.828265","192.168.3.103","192.168.3.116","CoAP","46","NON, MID:12521, 2.03 Valid","0.000825000"
"13550","693.107365","192.168.3.116","192.168.3.103","CoAP","83","NON, MID:10646, POST, coap://192.168.3.103/sensor","5.279100000"
"13551","693.108162","192.168.3.103","192.168.3.116","CoAP","46","NON, MID:12522, 2.03 Valid","0.000797000"
"13605","698.405157","192.168.3.116","192.168.3.103","CoAP","83","NON, MID:45704, POST, coap://192.168.3.103/sensor","5.296995000"
"13606","698.406050","192.168.3.103","192.168.3.116","CoAP","46","NON, MID:12523, 2.03 Valid","0.000893000"
"13650","703.668212","192.168.3.116","192.168.3.103","CoAP","83","NON, MID:20262, POST, coap://192.168.3.103/sensor","5.262162000"
"13651","703.668995","192.168.3.103","192.168.3.116","CoAP","46","NON, MID:12524, 2.03 Valid","0.000783000"
"13715","708.947643","192.168.3.116","192.168.3.103","CoAP","83","NON, MID:871, POST, coap://192.168.3.103/sensor","5.278648000"
"13716","708.948405","192.168.3.103","192.168.3.116","CoAP","46","NON, MID:12525, 2.03 Valid","0.000762000"
"13766","714.227976","192.168.3.116","192.168.3.103","CoAP","83","NON, MID:16154, POST, coap://192.168.3.103/sensor","5.279571000"
"13767","714.228744","192.168.3.103","192.168.3.116","CoAP","46","NON, MID:12526, 2.03 Valid","0.000768000"
"13804","719.509028","192.168.3.116","192.168.3.103","CoAP","83","NON, MID:18869, POST, coap://192.168.3.103/sensor","5.280284000"
"13805","719.509933","192.168.3.103","192.168.3.116","CoAP","46","NON, MID:12527, 2.03 Valid","0.000905000"
"13875","724.789252","192.168.3.116","192.168.3.103","CoAP","83","NON, MID:30725, POST, coap://192.168.3.103/sensor","5.279319000"
"13876","724.789996","192.168.3.103","192.168.3.116","CoAP","46","NON, MID:12528, 2.03 Valid","0.000744000"
"13926","730.069205","192.168.3.116","192.168.3.103","CoAP","83","NON, MID:4704, POST, coap://192.168.3.103/sensor","5.279209000"
"13927","730.070080","192.168.3.103","192.168.3.116","CoAP","46","NON, MID:12529, 2.03 Valid","0.000875000"
"13962","735.348655","192.168.3.116","192.168.3.103","CoAP","83","NON, MID:1901, POST, coap://192.168.3.103/sensor","5.278575000"
"13963","735.349422","192.168.3.103","192.168.3.116","CoAP","46","NON, MID:12530, 2.03 Valid","0.000767000"
"14077","740.632584","192.168.3.116","192.168.3.103","CoAP","83","NON, MID:16808, POST, coap://192.168.3.103/sensor","5.283162000"
"14078","740.633343","192.168.3.103","192.168.3.116","CoAP","46","NON, MID:12531, 2.03 Valid","0.000759000"
"14133","745.907862","192.168.3.116","192.168.3.103","CoAP","83","NON, MID:36551, POST, coap://192.168.3.103/sensor","5.274519000"
"14134","745.908633","192.168.3.103","192.168.3.116","CoAP","46","NON, MID:12532, 2.03 Valid","0.000771000"
"14180","751.191991","192.168.3.116","192.168.3.103","CoAP","83","NON, MID:8611, POST, coap://192.168.3.103/sensor","5.283358000"
"14181","751.192758","192.168.3.103","192.168.3.116","CoAP","46","NON, MID:12533, 2.03 Valid","0.000767000"
"14256","756.468445","192.168.3.116","192.168.3.103","CoAP","83","NON, MID:62879, POST, coap://192.168.3.103/sensor","5.275687000"
"14257","756.469231","192.168.3.103","192.168.3.116","CoAP","46","NON, MID:12534, 2.03 Valid","0.000786000"
"14294","761.747666","192.168.3.116","192.168.3.103","CoAP","83","NON, MID:30356, POST, coap://192.168.3.103/sensor","5.278435000"
"14295","761.748421","192.168.3.103","192.168.3.116","CoAP","46","NON, MID:12535, 2.03 Valid","0.000755000"
"14338","767.030650","192.168.3.116","192.168.3.103","CoAP","83","NON, MID:56664, POST, coap://192.168.3.103/sensor","5.282229000"
"14339","767.031426","192.168.3.103","192.168.3.116","CoAP","46","NON, MID:12536, 2.03 Valid","0.000776000"
"14385","772.309224","192.168.3.116","192.168.3.103","CoAP","83","NON, MID:15798, POST, coap://192.168.3.103/sensor","5.277798000"
"14386","772.309983","192.168.3.103","192.168.3.116","CoAP","46","NON, MID:12537, 2.03 Valid","0.000759000"
"14425","777.589557","192.168.3.116","192.168.3.103","CoAP","83","NON, MID:44149, POST, coap://192.168.3.103/sensor","5.279574000"
"14426","777.590322","192.168.3.103","192.168.3.116","CoAP","46","NON, MID:12538, 2.03 Valid","0.000765000"
"14468","782.869452","192.168.3.116","192.168.3.103","CoAP","83","NON, MID:59279, POST, coap://192.168.3.103/sensor","5.279130000"
"14469","782.870202","192.168.3.103","192.168.3.116","CoAP","46","NON, MID:12539, 2.03 Valid","0.000750000"
"14520","788.151244","192.168.3.116","192.168.3.103","CoAP","83","NON, MID:16161, POST, coap://192.168.3.103/sensor","5.281042000"
"14521","788.152011","192.168.3.103","192.168.3.116","CoAP","46","NON, MID:12540, 2.03 Valid","0.000767000"
"14582","793.430417","192.168.3.116","192.168.3.103","CoAP","83","NON, MID:38709, POST, coap://192.168.3.103/sensor","5.278406000"
"14583","793.431204","192.168.3.103","192.168.3.116","CoAP","46","NON, MID:12541, 2.03 Valid","0.000787000"
"14694","798.711231","192.168.3.116","192.168.3.103","CoAP","83","NON, MID:9195, POST, coap://192.168.3.103/sensor","5.280027000"
"14695","798.711995","192.168.3.103","192.168.3.116","CoAP","46","NON, MID:12542, 2.03 Valid","0.000764000"
"14747","803.995528","192.168.3.116","192.168.3.103","CoAP","83","NON, MID:3842, POST, coap://192.168.3.103/sensor","5.283533000"
"14748","803.996267","192.168.3.103","192.168.3.116","CoAP","46","NON, MID:12543, 2.03 Valid","0.000739000"
"14796","809.274396","192.168.3.116","192.168.3.103","CoAP","83","NON, MID:36965, POST, coap://192.168.3.103/sensor","5.278129000"
"14797","809.275139","192.168.3.103","192.168.3.116","CoAP","46","NON, MID:12544, 2.03 Valid","0.000743000"
"14851","814.552523","192.168.3.116","192.168.3.103","CoAP","83","NON, MID:16088, POST, coap://192.168.3.103/sensor","5.277384000"
"14852","814.553302","192.168.3.103","192.168.3.116","CoAP","46","NON, MID:12545, 2.03 Valid","0.000779000"
"14898","819.832249","192.168.3.116","192.168.3.103","CoAP","83","NON, MID:60463, POST, coap://192.168.3.103/sensor","5.278947000"
"14899","819.833049","192.168.3.103","192.168.3.116","CoAP","46","NON, MID:12546, 2.03 Valid","0.000800000"
"14934","825.111036","192.168.3.116","192.168.3.103","CoAP","83","NON, MID:10981, POST, coap://192.168.3.103/sensor","5.277987000"
"14935","825.111801","192.168.3.103","192.168.3.116","CoAP","46","NON, MID:12547, 2.03 Valid","0.000765000"
"14972","830.393182","192.168.3.116","192.168.3.103","CoAP","83","NON, MID:62862, POST, coap://192.168.3.103/sensor","5.281381000"
"14973","830.393941","192.168.3.103","192.168.3.116","CoAP","46","NON, MID:12548, 2.03 Valid","0.000759000"
"15063","835.671854","192.168.3.116","192.168.3.103","CoAP","83","NON, MID:55168, POST, coap://192.168.3.103/sensor","5.277913000"
"15064","835.672641","192.168.3.103","192.168.3.116","CoAP","46","NON, MID:12549, 2.03 Valid","0.000787000"
"15109","840.950979","192.168.3.116","192.168.3.103","CoAP","83","NON, MID:37745, POST, coap://192.168.3.103/sensor","5.278338000"
"15110","840.951774","192.168.3.103","192.168.3.116","CoAP","46","NON, MID:12550, 2.03 Valid","0.000795000"
"15149","846.232374","192.168.3.116","192.168.3.103","CoAP","83","NON, MID:42013, POST, coap://192.168.3.103/sensor","5.280600000"
"15150","846.233165","192.168.3.103","192.168.3.116","CoAP","46","NON, MID:12551, 2.03 Valid","0.000791000"
"15196","851.510353","192.168.3.116","192.168.3.103","CoAP","83","NON, MID:40418, POST, coap://192.168.3.103/sensor","5.277188000"
"15197","851.511154","192.168.3.103","192.168.3.116","CoAP","46","NON, MID:12552, 2.03 Valid","0.000801000"
"15255","856.794387","192.168.3.116","192.168.3.103","CoAP","83","NON, MID:17246, POST, coap://192.168.3.103/sensor","5.283233000"
"15256","856.795100","192.168.3.103","192.168.3.116","CoAP","46","NON, MID:12553, 2.03 Valid","0.000713000"
"15364","862.071434","192.168.3.116","192.168.3.103","CoAP","83","NON, MID:37560, POST, coap://192.168.3.103/sensor","5.276334000"
"15365","862.072180","192.168.3.103","192.168.3.116","CoAP","46","NON, MID:12554, 2.03 Valid","0.000746000"
"15417","867.350684","192.168.3.116","192.168.3.103","CoAP","83","NON, MID:27592, POST, coap://192.168.3.103/sensor","5.278504000"
"15418","867.351451","192.168.3.103","192.168.3.116","CoAP","46","NON, MID:12555, 2.03 Valid","0.000767000"
"15464","872.634260","192.168.3.116","192.168.3.103","CoAP","83","NON, MID:10952, POST, coap://192.168.3.103/sensor","5.282809000"
"15465","872.635102","192.168.3.103","192.168.3.116","CoAP","46","NON, MID:12556, 2.03 Valid","0.000842000"
"15504","877.911803","192.168.3.116","192.168.3.103","CoAP","83","NON, MID:31696, POST, coap://192.168.3.103/sensor","5.276701000"
"15505","877.912579","192.168.3.103","192.168.3.116","CoAP","46","NON, MID:12557, 2.03 Valid","0.000776000"
"15549","883.190201","192.168.3.116","192.168.3.103","CoAP","83","NON, MID:43648, POST, coap://192.168.3.103/sensor","5.277622000"
"15550","883.190972","192.168.3.103","192.168.3.116","CoAP","46","NON, MID:12558, 2.03 Valid","0.000771000"
"15599","888.474897","192.168.3.116","192.168.3.103","CoAP","83","NON, MID:60660, POST, coap://192.168.3.103/sensor","5.283925000"
"15600","888.475753","192.168.3.103","192.168.3.116","CoAP","46","NON, MID:12559, 2.03 Valid","0.000856000"
"15657","893.753439","192.168.3.116","192.168.3.103","CoAP","83","NON, MID:21826, POST, coap://192.168.3.103/sensor","5.277686000"
"15658","893.754209","192.168.3.103","192.168.3.116","CoAP","46","NON, MID:12560, 2.03 Valid","0.000770000"
"15709","899.031051","192.168.3.116","192.168.3.103","CoAP","83","NON, MID:8611, POST, coap://192.168.3.103/sensor","5.276842000"
"15754","904.334915","192.168.3.116","192.168.3.103","CoAP","83","NON, MID:5196, POST, coap://192.168.3.103/sensor","5.303864000"
"15755","904.335588","192.168.3.103","192.168.3.116","CoAP","46","NON, MID:12561, 2.03 Valid","0.000673000"
"15796","909.593067","192.168.3.116","192.168.3.103","CoAP","83","NON, MID:61290, POST, coap://192.168.3.103/sensor","5.257479000"
"15797","909.593783","192.168.3.103","192.168.3.116","CoAP","46","NON, MID:12562, 2.03 Valid","0.000716000"
"15831","914.870937","192.168.3.116","192.168.3.103","CoAP","83","NON, MID:6472, POST, coap://192.168.3.103/sensor","5.277154000"
"15832","914.871639","192.168.3.103","192.168.3.116","CoAP","46","NON, MID:12563, 2.03 Valid","0.000702000"
"15952","920.151068","192.168.3.116","192.168.3.103","CoAP","83","NON, MID:49611, POST, coap://192.168.3.103/sensor","5.279429000"
"15953","920.151791","192.168.3.103","192.168.3.116","CoAP","46","NON, MID:12564, 2.03 Valid","0.000723000"
"15997","925.431097","192.168.3.116","192.168.3.103","CoAP","83","NON, MID:7476, POST, coap://192.168.3.103/sensor","5.279306000"
"15998","925.431806","192.168.3.103","192.168.3.116","CoAP","46","NON, MID:12565, 2.03 Valid","0.000709000"
"16067","930.711531","192.168.3.116","192.168.3.103","CoAP","83","NON, MID:34657, POST, coap://192.168.3.103/sensor","5.279725000"
"16068","930.712333","192.168.3.103","192.168.3.116","CoAP","46","NON, MID:12566, 2.03 Valid","0.000802000"
"16139","935.992278","192.168.3.116","192.168.3.103","CoAP","83","NON, MID:60599, POST, coap://192.168.3.103/sensor","5.279945000"
"16140","935.993001","192.168.3.103","192.168.3.116","CoAP","46","NON, MID:12567, 2.03 Valid","0.000723000"
"16269","941.270802","192.168.3.116","192.168.3.103","CoAP","83","NON, MID:54365, POST, coap://192.168.3.103/sensor","5.277801000"
"16270","941.271585","192.168.3.103","192.168.3.116","CoAP","46","NON, MID:12568, 2.03 Valid","0.000783000"
"16325","946.552963","192.168.3.116","192.168.3.103","CoAP","83","NON, MID:45935, POST, coap://192.168.3.103/sensor","5.281378000"
"16326","946.553750","192.168.3.103","192.168.3.116","CoAP","46","NON, MID:12569, 2.03 Valid","0.000787000"
"16457","951.832926","192.168.3.116","192.168.3.103","CoAP","83","NON, MID:20974, POST, coap://192.168.3.103/sensor","5.279176000"
"16458","951.833729","192.168.3.103","192.168.3.116","CoAP","46","NON, MID:12570, 2.03 Valid","0.000803000"
"16525","957.112734","192.168.3.116","192.168.3.103","CoAP","83","NON, MID:14040, POST, coap://192.168.3.103/sensor","5.279005000"
"16526","957.113508","192.168.3.103","192.168.3.116","CoAP","46","NON, MID:12571, 2.03 Valid","0.000774000"
"16815","962.391040","192.168.3.116","192.168.3.103","CoAP","83","NON, MID:29925, POST, coap://192.168.3.103/sensor","5.277532000"
"16816","962.391787","192.168.3.103","192.168.3.116","CoAP","46","NON, MID:12572, 2.03 Valid","0.000747000"
"16890","967.676900","192.168.3.116","192.168.3.103","CoAP","83","NON, MID:23059, POST, coap://192.168.3.103/sensor","5.285113000"
"16891","967.677645","192.168.3.103","192.168.3.116","CoAP","46","NON, MID:12573, 2.03 Valid","0.000745000"
"17014","972.978137","192.168.3.116","192.168.3.103","CoAP","83","NON, MID:15358, POST, coap://192.168.3.103/sensor","5.300492000"
"17015","972.978928","192.168.3.103","192.168.3.116","CoAP","46","NON, MID:12574, 2.03 Valid","0.000791000"
"17079","978.235855","192.168.3.116","192.168.3.103","CoAP","83","NON, MID:14940, POST, coap://192.168.3.103/sensor","5.256927000"
"17080","978.236633","192.168.3.103","192.168.3.116","CoAP","46","NON, MID:12575, 2.03 Valid","0.000778000"
"17201","983.517014","192.168.3.116","192.168.3.103","CoAP","83","NON, MID:26543, POST, coap://192.168.3.103/sensor","5.280381000"
"17202","983.517796","192.168.3.103","192.168.3.116","CoAP","46","NON, MID:12576, 2.03 Valid","0.000782000"
"17250","988.794763","192.168.3.116","192.168.3.103","CoAP","83","NON, MID:14810, POST, coap://192.168.3.103/sensor","5.276967000"
"17251","988.795536","192.168.3.103","192.168.3.116","CoAP","46","NON, MID:12577, 2.03 Valid","0.000773000"
"17288","994.077018","192.168.3.116","192.168.3.103","CoAP","83","NON, MID:17229, POST, coap://192.168.3.103/sensor","5.281482000"
"17289","994.077787","192.168.3.103","192.168.3.116","CoAP","46","NON, MID:12578, 2.03 Valid","0.000769000"
"17366","999.359330","192.168.3.116","192.168.3.103","CoAP","83","NON, MID:37560, POST, coap://192.168.3.103/sensor","5.281543000"
"17429","1004.637296","192.168.3.116","192.168.3.103","CoAP","83","NON, MID:36842, POST, coap://192.168.3.103/sensor","5.277966000"
"17430","1004.638077","192.168.3.103","192.168.3.116","CoAP","46","NON, MID:12579, 2.03 Valid","0.000781000"
"17477","1009.917208","192.168.3.116","192.168.3.103","CoAP","83","NON, MID:38980, POST, coap://192.168.3.103/sensor","5.279131000"
"17478","1009.917979","192.168.3.103","192.168.3.116","CoAP","46","NON, MID:12580, 2.03 Valid","0.000771000"
"17572","1015.197872","192.168.3.116","192.168.3.103","CoAP","83","NON, MID:36204, POST, coap://192.168.3.103/sensor","5.279893000"
"17573","1015.198679","192.168.3.103","192.168.3.116","CoAP","46","NON, MID:12581, 2.03 Valid","0.000807000"
"17623","1020.476897","192.168.3.116","192.168.3.103","CoAP","83","NON, MID:45031, POST, coap://192.168.3.103/sensor","5.278218000"
"17624","1020.477673","192.168.3.103","192.168.3.116","CoAP","46","NON, MID:12582, 2.03 Valid","0.000776000"
"17682","1025.757228","192.168.3.116","192.168.3.103","CoAP","83","NON, MID:24265, POST, coap://192.168.3.103/sensor","5.279555000"
"17683","1025.757992","192.168.3.103","192.168.3.116","CoAP","46","NON, MID:12583, 2.03 Valid","0.000764000"
"17867","1031.039859","192.168.3.116","192.168.3.103","CoAP","83","NON, MID:59658, POST, coap://192.168.3.103/sensor","5.281867000"
"17868","1031.040563","192.168.3.103","192.168.3.116","CoAP","46","NON, MID:12584, 2.03 Valid","0.000704000"
"17927","1036.316978","192.168.3.116","192.168.3.103","CoAP","83","NON, MID:61014, POST, coap://192.168.3.103/sensor","5.276415000"
"17928","1036.317776","192.168.3.103","192.168.3.116","CoAP","46","NON, MID:12585, 2.03 Valid","0.000798000"
"17992","1041.599141","192.168.3.116","192.168.3.103","CoAP","83","NON, MID:39857, POST, coap://192.168.3.103/sensor","5.281365000"
"17993","1041.599851","192.168.3.103","192.168.3.116","CoAP","46","NON, MID:12586, 2.03 Valid","0.000710000"
"18058","1046.877946","192.168.3.116","192.168.3.103","CoAP","83","NON, MID:32810, POST, coap://192.168.3.103/sensor","5.278095000"
"18059","1046.878696","192.168.3.103","192.168.3.116","CoAP","46","NON, MID:12587, 2.03 Valid","0.000750000"
"18142","1052.158265","192.168.3.116","192.168.3.103","CoAP","83","NON, MID:36562, POST, coap://192.168.3.103/sensor","5.279569000"
"18143","1052.159038","192.168.3.103","192.168.3.116","CoAP","46","NON, MID:12588, 2.03 Valid","0.000773000"
"18183","1057.437755","192.168.3.116","192.168.3.103","CoAP","83","NON, MID:65388, POST, coap://192.168.3.103/sensor","5.278717000"
"18184","1057.438530","192.168.3.103","192.168.3.116","CoAP","46","NON, MID:12589, 2.03 Valid","0.000775000"
"18237","1062.715882","192.168.3.116","192.168.3.103","CoAP","83","NON, MID:16646, POST, coap://192.168.3.103/sensor","5.277352000"
"18238","1062.716669","192.168.3.103","192.168.3.116","CoAP","46","NON, MID:12590, 2.03 Valid","0.000787000"
"18271","1067.996159","192.168.3.116","192.168.3.103","CoAP","83","NON, MID:35745, POST, coap://192.168.3.103/sensor","5.279490000"
"18272","1067.996959","192.168.3.103","192.168.3.116","CoAP","46","NON, MID:12591, 2.03 Valid","0.000800000"
"18326","1073.277830","192.168.3.116","192.168.3.103","CoAP","83","NON, MID:24618, POST, coap://192.168.3.103/sensor","5.280871000"
"18327","1073.278619","192.168.3.103","192.168.3.116","CoAP","46","NON, MID:12592, 2.03 Valid","0.000789000"
"18375","1078.572951","192.168.3.116","192.168.3.103","CoAP","83","NON, MID:2426, POST, coap://192.168.3.103/sensor","5.294332000"
"18376","1078.573743","192.168.3.103","192.168.3.116","CoAP","46","NON, MID:12593, 2.03 Valid","0.000792000"
"18422","1083.837548","192.168.3.116","192.168.3.103","CoAP","83","NON, MID:5210, POST, coap://192.168.3.103/sensor","5.263805000"
"18423","1083.838336","192.168.3.103","192.168.3.116","CoAP","46","NON, MID:12594, 2.03 Valid","0.000788000"
"18470","1089.115468","192.168.3.116","192.168.3.103","CoAP","83","NON, MID:5496, POST, coap://192.168.3.103/sensor","5.277132000"
"18471","1089.116259","192.168.3.103","192.168.3.116","CoAP","46","NON, MID:12595, 2.03 Valid","0.000791000"
"18512","1094.395740","192.168.3.116","192.168.3.103","CoAP","83","NON, MID:50051, POST, coap://192.168.3.103/sensor","5.279481000"
"18513","1094.396535","192.168.3.103","192.168.3.116","CoAP","46","NON, MID:12596, 2.03 Valid","0.000795000"
"18553","1099.679477","192.168.3.116","192.168.3.103","CoAP","83","NON, MID:14713, POST, coap://192.168.3.103/sensor","5.282942000"
"18554","1099.680259","192.168.3.103","192.168.3.116","CoAP","46","NON, MID:12597, 2.03 Valid","0.000782000"
"18610","1104.957710","192.168.3.116","192.168.3.103","CoAP","83","NON, MID:52921, POST, coap://192.168.3.103/sensor","5.277451000"
"18611","1104.958497","192.168.3.103","192.168.3.116","CoAP","46","NON, MID:12598, 2.03 Valid","0.000787000"
"18651","1110.236591","192.168.3.116","192.168.3.103","CoAP","83","NON, MID:52057, POST, coap://192.168.3.103/sensor","5.278094000"
"18652","1110.237387","192.168.3.103","192.168.3.116","CoAP","46","NON, MID:12599, 2.03 Valid","0.000796000"
"18692","1115.515581","192.168.3.116","192.168.3.103","CoAP","83","NON, MID:10416, POST, coap://192.168.3.103/sensor","5.278194000"
"18693","1115.516462","192.168.3.103","192.168.3.116","CoAP","46","NON, MID:12600, 2.03 Valid","0.000881000"
"18745","1120.795297","192.168.3.116","192.168.3.103","CoAP","83","NON, MID:61999, POST, coap://192.168.3.103/sensor","5.278835000"
"18746","1120.796081","192.168.3.103","192.168.3.116","CoAP","46","NON, MID:12601, 2.03 Valid","0.000784000"
"18819","1126.075697","192.168.3.116","192.168.3.103","CoAP","83","NON, MID:45859, POST, coap://192.168.3.103/sensor","5.279616000"
"18820","1126.076481","192.168.3.103","192.168.3.116","CoAP","46","NON, MID:12602, 2.03 Valid","0.000784000"
"18870","1131.356497","192.168.3.116","192.168.3.103","CoAP","83","NON, MID:30045, POST, coap://192.168.3.103/sensor","5.280016000"
"18871","1131.357223","192.168.3.103","192.168.3.116","CoAP","46","NON, MID:12603, 2.03 Valid","0.000726000"
"18911","1136.636975","192.168.3.116","192.168.3.103","CoAP","83","NON, MID:40620, POST, coap://192.168.3.103/sensor","5.279752000"
"18912","1136.637773","192.168.3.103","192.168.3.116","CoAP","46","NON, MID:12604, 2.03 Valid","0.000798000"
"18949","1141.915402","192.168.3.116","192.168.3.103","CoAP","83","NON, MID:40421, POST, coap://192.168.3.103/sensor","5.277629000"
"18950","1141.916187","192.168.3.103","192.168.3.116","CoAP","46","NON, MID:12605, 2.03 Valid","0.000785000"
"18990","1147.195638","192.168.3.116","192.168.3.103","CoAP","83","NON, MID:36993, POST, coap://192.168.3.103/sensor","5.279451000"
"18991","1147.196440","192.168.3.103","192.168.3.116","CoAP","46","NON, MID:12606, 2.03 Valid","0.000802000"
"19037","1152.480027","192.168.3.116","192.168.3.103","CoAP","83","NON, MID:20939, POST, coap://192.168.3.103/sensor","5.283587000"
"19038","1152.480733","192.168.3.103","192.168.3.116","CoAP","46","NON, MID:12607, 2.03 Valid","0.000706000"
"19074","1157.756990","192.168.3.116","192.168.3.103","CoAP","83","NON, MID:16896, POST, coap://192.168.3.103/sensor","5.276257000"
"19075","1157.757769","192.168.3.103","192.168.3.116","CoAP","46","NON, MID:12608, 2.03 Valid","0.000779000"
"19139","1163.039022","192.168.3.116","192.168.3.103","CoAP","83","NON, MID:6866, POST, coap://192.168.3.103/sensor","5.281253000"
"19140","1163.039768","192.168.3.103","192.168.3.116","CoAP","46","NON, MID:12609, 2.03 Valid","0.000746000"
"19195","1168.315425","192.168.3.116","192.168.3.103","CoAP","83","NON, MID:1479, POST, coap://192.168.3.103/sensor","5.275657000"
"19196","1168.316363","192.168.3.103","192.168.3.116","CoAP","46","NON, MID:12610, 2.03 Valid","0.000938000"
"19310","1173.596041","192.168.3.116","192.168.3.103","CoAP","83","NON, MID:57490, POST, coap://192.168.3.103/sensor","5.279678000"
"19311","1173.596858","192.168.3.103","192.168.3.116","CoAP","46","NON, MID:12611, 2.03 Valid","0.000817000"
"19356","1178.876889","192.168.3.116","192.168.3.103","CoAP","83","NON, MID:33939, POST, coap://192.168.3.103/sensor","5.280031000"
"19357","1178.877659","192.168.3.103","192.168.3.116","CoAP","46","NON, MID:12612, 2.03 Valid","0.000770000"
"19402","1184.157149","192.168.3.116","192.168.3.103","CoAP","83","NON, MID:61908, POST, coap://192.168.3.103/sensor","5.279490000"
"19403","1184.157922","192.168.3.103","192.168.3.116","CoAP","46","NON, MID:12613, 2.03 Valid","0.000773000"
"19447","1189.437892","192.168.3.116","192.168.3.103","CoAP","83","NON, MID:34989, POST, coap://192.168.3.103/sensor","5.279970000"
"19448","1189.438656","192.168.3.103","192.168.3.116","CoAP","46","NON, MID:12614, 2.03 Valid","0.000764000"
"19476","1194.718521","192.168.3.116","192.168.3.103","CoAP","83","NON, MID:12735, POST, coap://192.168.3.103/sensor","5.279865000"
"19477","1194.719312","192.168.3.103","192.168.3.116","CoAP","46","NON, MID:12615, 2.03 Valid","0.000791000"
"19517","1200.001646","192.168.3.116","192.168.3.103","CoAP","83","NON, MID:50295, POST, coap://192.168.3.103/sensor","5.282334000"
"19518","1200.002460","192.168.3.103","192.168.3.116","CoAP","46","NON, MID:12616, 2.03 Valid","0.000814000"
"19561","1205.277498","192.168.3.116","192.168.3.103","CoAP","83","NON, MID:48713, POST, coap://192.168.3.103/sensor","5.275038000"
"19562","1205.278268","192.168.3.103","192.168.3.116","CoAP","46","NON, MID:12617, 2.03 Valid","0.000770000"
"19614","1210.557154","192.168.3.116","192.168.3.103","CoAP","83","NON, MID:35551, POST, coap://192.168.3.103/sensor","5.278886000"
"19615","1210.557933","192.168.3.103","192.168.3.116","CoAP","46","NON, MID:12618, 2.03 Valid","0.000779000"
"19660","1215.840490","192.168.3.116","192.168.3.103","CoAP","83","NON, MID:9586, POST, coap://192.168.3.103/sensor","5.282557000"
"19661","1215.841307","192.168.3.103","192.168.3.116","CoAP","46","NON, MID:12619, 2.03 Valid","0.000817000"
"19739","1221.117928","192.168.3.116","192.168.3.103","CoAP","83","NON, MID:26553, POST, coap://192.168.3.103/sensor","5.276621000"
"19740","1221.118780","192.168.3.103","192.168.3.116","CoAP","46","NON, MID:12620, 2.03 Valid","0.000852000"
"19807","1226.397717","192.168.3.116","192.168.3.103","CoAP","83","NON, MID:10012, POST, coap://192.168.3.103/sensor","5.278937000"
"19808","1226.398495","192.168.3.103","192.168.3.116","CoAP","46","NON, MID:12621, 2.03 Valid","0.000778000"
"19847","1231.679687","192.168.3.116","192.168.3.103","CoAP","83","NON, MID:45214, POST, coap://192.168.3.103/sensor","5.281192000"
"19848","1231.680504","192.168.3.103","192.168.3.116","CoAP","46","NON, MID:12622, 2.03 Valid","0.000817000"
"19890","1236.959149","192.168.3.116","192.168.3.103","CoAP","83","NON, MID:11603, POST, coap://192.168.3.103/sensor","5.278645000"
"19891","1236.959943","192.168.3.103","192.168.3.116","CoAP","46","NON, MID:12623, 2.03 Valid","0.000794000"
"19944","1242.237873","192.168.3.116","192.168.3.103","CoAP","83","NON, MID:43337, POST, coap://192.168.3.103/sensor","5.277930000"
"19945","1242.238660","192.168.3.103","192.168.3.116","CoAP","46","NON, MID:12624, 2.03 Valid","0.000787000"
"20194","1247.517449","192.168.3.116","192.168.3.103","CoAP","83","NON, MID:24135, POST, coap://192.168.3.103/sensor","5.278789000"
"20195","1247.518236","192.168.3.103","192.168.3.116","CoAP","46","NON, MID:12625, 2.03 Valid","0.000787000"
"20443","1252.797828","192.168.3.116","192.168.3.103","CoAP","83","NON, MID:58450, POST, coap://192.168.3.103/sensor","5.279592000"
"20444","1252.798587","192.168.3.103","192.168.3.116","CoAP","46","NON, MID:12626, 2.03 Valid","0.000759000"
"20690","1258.082082","192.168.3.116","192.168.3.103","CoAP","83","NON, MID:26773, POST, coap://192.168.3.103/sensor","5.283495000"
"20691","1258.082827","192.168.3.103","192.168.3.116","CoAP","46","NON, MID:12627, 2.03 Valid","0.000745000"
"20753","1263.362125","192.168.3.116","192.168.3.103","CoAP","83","NON, MID:29065, POST, coap://192.168.3.103/sensor","5.279298000"
"20754","1263.362831","192.168.3.103","192.168.3.116","CoAP","46","NON, MID:12628, 2.03 Valid","0.000706000"
"20822","1268.642980","192.168.3.116","192.168.3.103","CoAP","83","NON, MID:9078, POST, coap://192.168.3.103/sensor","5.280149000"
"20823","1268.643739","192.168.3.103","192.168.3.116","CoAP","46","NON, MID:12629, 2.03 Valid","0.000759000"
"20886","1273.920409","192.168.3.116","192.168.3.103","CoAP","83","NON, MID:24726, POST, coap://192.168.3.103/sensor","5.276670000"
"20887","1273.921160","192.168.3.103","192.168.3.116","CoAP","46","NON, MID:12630, 2.03 Valid","0.000751000"
"21183","1279.198175","192.168.3.116","192.168.3.103","CoAP","83","NON, MID:33740, POST, coap://192.168.3.103/sensor","5.277015000"
"21184","1279.198968","192.168.3.103","192.168.3.116","CoAP","46","NON, MID:12631, 2.03 Valid","0.000793000"
"21306","1284.483009","192.168.3.116","192.168.3.103","CoAP","83","NON, MID:45246, POST, coap://192.168.3.103/sensor","5.284041000"
"21307","1284.483816","192.168.3.103","192.168.3.116","CoAP","46","NON, MID:12632, 2.03 Valid","0.000807000"
"21390","1289.758847","192.168.3.116","192.168.3.103","CoAP","83","NON, MID:398, POST, coap://192.168.3.103/sensor","5.275031000"
"21391","1289.759602","192.168.3.103","192.168.3.116","CoAP","46","NON, MID:12633, 2.03 Valid","0.000755000"
"24330","1295.042391","192.168.3.116","192.168.3.103","CoAP","83","NON, MID:15701, POST, coap://192.168.3.103/sensor","5.282789000"
"24331","1295.043172","192.168.3.103","192.168.3.116","CoAP","46","NON, MID:12634, 2.03 Valid","0.000781000"
"24406","1300.319158","192.168.3.116","192.168.3.103","CoAP","83","NON, MID:48065, POST, coap://192.168.3.103/sensor","5.275986000"
"24407","1300.319962","192.168.3.103","192.168.3.116","CoAP","46","NON, MID:12635, 2.03 Valid","0.000804000"
"24512","1305.598452","192.168.3.116","192.168.3.103","CoAP","83","NON, MID:33802, POST, coap://192.168.3.103/sensor","5.278490000"
"24513","1305.599179","192.168.3.103","192.168.3.116","CoAP","46","NON, MID:12636, 2.03 Valid","0.000727000"
"24571","1310.880975","192.168.3.116","192.168.3.103","CoAP","83","NON, MID:64356, POST, coap://192.168.3.103/sensor","5.281796000"
"24572","1310.881757","192.168.3.103","192.168.3.116","CoAP","46","NON, MID:12637, 2.03 Valid","0.000782000"
"24616","1316.161064","192.168.3.116","192.168.3.103","CoAP","83","NON, MID:59919, POST, coap://192.168.3.103/sensor","5.279307000"
"24617","1316.161877","192.168.3.103","192.168.3.116","CoAP","46","NON, MID:12638, 2.03 Valid","0.000813000"
"24663","1321.440295","192.168.3.116","192.168.3.103","CoAP","83","NON, MID:51564, POST, coap://192.168.3.103/sensor","5.278418000"
"24664","1321.441073","192.168.3.103","192.168.3.116","CoAP","46","NON, MID:12639, 2.03 Valid","0.000778000"
"24698","1326.722638","192.168.3.116","192.168.3.103","CoAP","83","NON, MID:39704, POST, coap://192.168.3.103/sensor","5.281565000"
"24699","1326.723344","192.168.3.103","192.168.3.116","CoAP","46","NON, MID:12640, 2.03 Valid","0.000706000"
"24738","1331.999774","192.168.3.116","192.168.3.103","CoAP","83","NON, MID:46922, POST, coap://192.168.3.103/sensor","5.276430000"
"24739","1332.000587","192.168.3.103","192.168.3.116","CoAP","46","NON, MID:12641, 2.03 Valid","0.000813000"
"24771","1337.280105","192.168.3.116","192.168.3.103","CoAP","83","NON, MID:51583, POST, coap://192.168.3.103/sensor","5.279518000"
"24772","1337.280821","192.168.3.103","192.168.3.116","CoAP","46","NON, MID:12642, 2.03 Valid","0.000716000"
"24830","1342.559719","192.168.3.116","192.168.3.103","CoAP","83","NON, MID:54785, POST, coap://192.168.3.103/sensor","5.278898000"
"24831","1342.560494","192.168.3.103","192.168.3.116","CoAP","46","NON, MID:12643, 2.03 Valid","0.000775000"
"24889","1347.843639","192.168.3.116","192.168.3.103","CoAP","83","NON, MID:40744, POST, coap://192.168.3.103/sensor","5.283145000"
"24890","1347.844363","192.168.3.103","192.168.3.116","CoAP","46","NON, MID:12644, 2.03 Valid","0.000724000"
"24950","1353.119347","192.168.3.116","192.168.3.103","CoAP","83","NON, MID:14353, POST, coap://192.168.3.103/sensor","5.274984000"
"24951","1353.120138","192.168.3.103","192.168.3.116","CoAP","46","NON, MID:12645, 2.03 Valid","0.000791000"
"24996","1358.399015","192.168.3.116","192.168.3.103","CoAP","83","NON, MID:46704, POST, coap://192.168.3.103/sensor","5.278877000"
"24997","1358.399798","192.168.3.103","192.168.3.116","CoAP","46","NON, MID:12646, 2.03 Valid","0.000783000"
"25090","1363.682161","192.168.3.116","192.168.3.103","CoAP","83","NON, MID:57589, POST, coap://192.168.3.103/sensor","5.282363000"
"25091","1363.682943","192.168.3.103","192.168.3.116","CoAP","46","NON, MID:12647, 2.03 Valid","0.000782000"
"25131","1368.962276","192.168.3.116","192.168.3.103","CoAP","83","NON, MID:60503, POST, coap://192.168.3.103/sensor","5.279333000"
"25132","1368.963102","192.168.3.103","192.168.3.116","CoAP","46","NON, MID:12648, 2.03 Valid","0.000826000"
"25179","1374.242940","192.168.3.116","192.168.3.103","CoAP","83","NON, MID:49724, POST, coap://192.168.3.103/sensor","5.279838000"
"25180","1374.243737","192.168.3.103","192.168.3.116","CoAP","46","NON, MID:12649, 2.03 Valid","0.000797000"
"25206","1379.519877","192.168.3.116","192.168.3.103","CoAP","83","NON, MID:12189, POST, coap://192.168.3.103/sensor","5.276140000"
"25207","1379.520657","192.168.3.103","192.168.3.116","CoAP","46","NON, MID:12650, 2.03 Valid","0.000780000"
"25240","1384.798902","192.168.3.116","192.168.3.103","CoAP","83","NON, MID:10127, POST, coap://192.168.3.103/sensor","5.278245000"
"25241","1384.799724","192.168.3.103","192.168.3.116","CoAP","46","NON, MID:12651, 2.03 Valid","0.000822000"
"25269","1390.079861","192.168.3.116","192.168.3.103","CoAP","83","NON, MID:21620, POST, coap://192.168.3.103/sensor","5.280137000"
"25270","1390.080619","192.168.3.103","192.168.3.116","CoAP","46","NON, MID:12652, 2.03 Valid","0.000758000"
"25311","1395.362547","192.168.3.116","192.168.3.103","CoAP","83","NON, MID:3309, POST, coap://192.168.3.103/sensor","5.281928000"
"25312","1395.363316","192.168.3.103","192.168.3.116","CoAP","46","NON, MID:12653, 2.03 Valid","0.000769000"
"25363","1400.641143","192.168.3.116","192.168.3.103","CoAP","83","NON, MID:52290, POST, coap://192.168.3.103/sensor","5.277827000"
"25364","1400.642070","192.168.3.103","192.168.3.116","CoAP","46","NON, MID:12654, 2.03 Valid","0.000927000"
"25411","1405.924770","192.168.3.116","192.168.3.103","CoAP","83","NON, MID:26260, POST, coap://192.168.3.103/sensor","5.282700000"
"25412","1405.925595","192.168.3.103","192.168.3.116","CoAP","46","NON, MID:12655, 2.03 Valid","0.000825000"
"25465","1411.201485","192.168.3.116","192.168.3.103","CoAP","83","NON, MID:56355, POST, coap://192.168.3.103/sensor","5.275890000"
"25466","1411.202252","192.168.3.103","192.168.3.116","CoAP","46","NON, MID:12656, 2.03 Valid","0.000767000"
"25491","1416.487500","192.168.3.116","192.168.3.103","CoAP","83","NON, MID:32932, POST, coap://192.168.3.103/sensor","5.285248000"
"25492","1416.488396","192.168.3.103","192.168.3.116","CoAP","46","NON, MID:12657, 2.03 Valid","0.000896000"
"25526","1421.762707","192.168.3.116","192.168.3.103","CoAP","83","NON, MID:46842, POST, coap://192.168.3.103/sensor","5.274311000"
"25527","1421.763494","192.168.3.103","192.168.3.116","CoAP","46","NON, MID:12658, 2.03 Valid","0.000787000"
"25559","1427.041250","192.168.3.116","192.168.3.103","CoAP","83","NON, MID:15763, POST, coap://192.168.3.103/sensor","5.277756000"
"25560","1427.042031","192.168.3.103","192.168.3.116","CoAP","46","NON, MID:12659, 2.03 Valid","0.000781000"
"25631","1432.322288","192.168.3.116","192.168.3.103","CoAP","83","NON, MID:44279, POST, coap://192.168.3.103/sensor","5.280257000"
"25632","1432.323086","192.168.3.103","192.168.3.116","CoAP","46","NON, MID:12660, 2.03 Valid","0.000798000"
"25770","1437.603954","192.168.3.116","192.168.3.103","CoAP","83","NON, MID:8620, POST, coap://192.168.3.103/sensor","5.280868000"
"25771","1437.604758","192.168.3.103","192.168.3.116","CoAP","46","NON, MID:12661, 2.03 Valid","0.000804000"
"25866","1442.881810","192.168.3.116","192.168.3.103","CoAP","83","NON, MID:14313, POST, coap://192.168.3.103/sensor","5.277052000"
"25867","1442.882651","192.168.3.103","192.168.3.116","CoAP","46","NON, MID:12662, 2.03 Valid","0.000841000"
"25908","1448.161731","192.168.3.116","192.168.3.103","CoAP","83","NON, MID:28951, POST, coap://192.168.3.103/sensor","5.279080000"
"25909","1448.162542","192.168.3.103","192.168.3.116","CoAP","46","NON, MID:12663, 2.03 Valid","0.000811000"
"25975","1453.442000","192.168.3.116","192.168.3.103","CoAP","83","NON, MID:10026, POST, coap://192.168.3.103/sensor","5.279458000"
"25976","1453.442792","192.168.3.103","192.168.3.116","CoAP","46","NON, MID:12664, 2.03 Valid","0.000792000"
"26019","1458.733447","192.168.3.116","192.168.3.103","CoAP","83","NON, MID:58479, POST, coap://192.168.3.103/sensor","5.290655000"
"26020","1458.734271","192.168.3.103","192.168.3.116","CoAP","46","NON, MID:12665, 2.03 Valid","0.000824000"
"26093","1464.005674","192.168.3.116","192.168.3.103","CoAP","83","NON, MID:18900, POST, coap://192.168.3.103/sensor","5.271403000"
"26094","1464.006327","192.168.3.103","192.168.3.116","CoAP","46","NON, MID:12666, 2.03 Valid","0.000653000"
"26144","1469.282922","192.168.3.116","192.168.3.103","CoAP","83","NON, MID:21419, POST, coap://192.168.3.103/sensor","5.276595000"
"26145","1469.283722","192.168.3.103","192.168.3.116","CoAP","46","NON, MID:12667, 2.03 Valid","0.000800000"
"26179","1474.564598","192.168.3.116","192.168.3.103","CoAP","83","NON, MID:14526, POST, coap://192.168.3.103/sensor","5.280876000"
"26180","1474.565432","192.168.3.103","192.168.3.116","CoAP","46","NON, MID:12668, 2.03 Valid","0.000834000"
"26226","1479.845773","192.168.3.116","192.168.3.103","CoAP","83","NON, MID:29824, POST, coap://192.168.3.103/sensor","5.280341000"
"26227","1479.846573","192.168.3.103","192.168.3.116","CoAP","46","NON, MID:12669, 2.03 Valid","0.000800000"
"26331","1485.122469","192.168.3.116","192.168.3.103","CoAP","83","NON, MID:34687, POST, coap://192.168.3.103/sensor","5.275896000"
"26332","1485.123279","192.168.3.103","192.168.3.116","CoAP","46","NON, MID:12670, 2.03 Valid","0.000810000"
"26405","1490.406460","192.168.3.116","192.168.3.103","CoAP","83","NON, MID:31357, POST, coap://192.168.3.103/sensor","5.283181000"
"26406","1490.407173","192.168.3.103","192.168.3.116","CoAP","46","NON, MID:12671, 2.03 Valid","0.000713000"
"26481","1495.684922","192.168.3.116","192.168.3.103","CoAP","83","NON, MID:14103, POST, coap://192.168.3.103/sensor","5.277749000"
"26482","1495.685701","192.168.3.103","192.168.3.116","CoAP","46","NON, MID:12672, 2.03 Valid","0.000779000"
"26533","1500.965534","192.168.3.116","192.168.3.103","CoAP","83","NON, MID:50053, POST, coap://192.168.3.103/sensor","5.279833000"
"26534","1500.966462","192.168.3.103","192.168.3.116","CoAP","46","NON, MID:12673, 2.03 Valid","0.000928000"
"26563","1506.247344","192.168.3.116","192.168.3.103","CoAP","83","NON, MID:3999, POST, coap://192.168.3.103/sensor","5.280882000"
"26564","1506.248068","192.168.3.103","192.168.3.116","CoAP","46","NON, MID:12674, 2.03 Valid","0.000724000"
"26599","1511.525727","192.168.3.116","192.168.3.103","CoAP","83","NON, MID:60382, POST, coap://192.168.3.103/sensor","5.277659000"
"26600","1511.526550","192.168.3.103","192.168.3.116","CoAP","46","NON, MID:12675, 2.03 Valid","0.000823000"
"26660","1516.803860","192.168.3.116","192.168.3.103","CoAP","83","NON, MID:17985, POST, coap://192.168.3.103/sensor","5.277310000"
"26661","1516.804624","192.168.3.103","192.168.3.116","CoAP","46","NON, MID:12676, 2.03 Valid","0.000764000"
"26696","1522.085947","192.168.3.116","192.168.3.103","CoAP","83","NON, MID:28149, POST, coap://192.168.3.103/sensor","5.281323000"
"26697","1522.086721","192.168.3.103","192.168.3.116","CoAP","46","NON, MID:12677, 2.03 Valid","0.000774000"
"26759","1527.363882","192.168.3.116","192.168.3.103","CoAP","83","NON, MID:23818, POST, coap://192.168.3.103/sensor","5.277161000"
"26760","1527.364693","192.168.3.103","192.168.3.116","CoAP","46","NON, MID:12678, 2.03 Valid","0.000811000"
"26813","1532.645673","192.168.3.116","192.168.3.103","CoAP","83","NON, MID:64558, POST, coap://192.168.3.103/sensor","5.280980000"
"26814","1532.646445","192.168.3.103","192.168.3.116","CoAP","46","NON, MID:12679, 2.03 Valid","0.000772000"
"26855","1537.926004","192.168.3.116","192.168.3.103","CoAP","83","NON, MID:1661, POST, coap://192.168.3.103/sensor","5.279559000"
"26856","1537.926724","192.168.3.103","192.168.3.116","CoAP","46","NON, MID:12680, 2.03 Valid","0.000720000"
"26894","1543.204851","192.168.3.116","192.168.3.103","CoAP","83","NON, MID:64295, POST, coap://192.168.3.103/sensor","5.278127000"
"26895","1543.205668","192.168.3.103","192.168.3.116","CoAP","46","NON, MID:12681, 2.03 Valid","0.000817000"
"26994","1548.486575","192.168.3.116","192.168.3.103","CoAP","83","NON, MID:64270, POST, coap://192.168.3.103/sensor","5.280907000"
"26995","1548.487410","192.168.3.103","192.168.3.116","CoAP","46","NON, MID:12682, 2.03 Valid","0.000835000"
"27149","1553.769818","192.168.3.116","192.168.3.103","CoAP","83","NON, MID:37756, POST, coap://192.168.3.103/sensor","5.282408000"
"27150","1553.770619","192.168.3.103","192.168.3.116","CoAP","46","NON, MID:12683, 2.03 Valid","0.000801000"
"27201","1559.046694","192.168.3.116","192.168.3.103","CoAP","83","NON, MID:15248, POST, coap://192.168.3.103/sensor","5.276075000"
"27202","1559.047536","192.168.3.103","192.168.3.116","CoAP","46","NON, MID:12684, 2.03 Valid","0.000842000"
"27249","1564.323568","192.168.3.116","192.168.3.103","CoAP","83","NON, MID:55316, POST, coap://192.168.3.103/sensor","5.276032000"
"27250","1564.324439","192.168.3.103","192.168.3.116","CoAP","46","NON, MID:12685, 2.03 Valid","0.000871000"
"27288","1569.603393","192.168.3.116","192.168.3.103","CoAP","83","NON, MID:38387, POST, coap://192.168.3.103/sensor","5.278954000"
"27289","1569.604183","192.168.3.103","192.168.3.116","CoAP","46","NON, MID:12686, 2.03 Valid","0.000790000"
"27332","1574.884498","192.168.3.116","192.168.3.103","CoAP","83","NON, MID:60916, POST, coap://192.168.3.103/sensor","5.280315000"
"27333","1574.885303","192.168.3.103","192.168.3.116","CoAP","46","NON, MID:12687, 2.03 Valid","0.000805000"
"27383","1580.163239","192.168.3.116","192.168.3.103","CoAP","83","NON, MID:2635, POST, coap://192.168.3.103/sensor","5.277936000"
"27384","1580.163999","192.168.3.103","192.168.3.116","CoAP","46","NON, MID:12688, 2.03 Valid","0.000760000"
"27442","1585.444049","192.168.3.116","192.168.3.103","CoAP","83","NON, MID:6328, POST, coap://192.168.3.103/sensor","5.280050000"
"27443","1585.444890","192.168.3.103","192.168.3.116","CoAP","46","NON, MID:12689, 2.03 Valid","0.000841000"
"27538","1590.729328","192.168.3.116","192.168.3.103","CoAP","83","NON, MID:6131, POST, coap://192.168.3.103/sensor","5.284438000"
"27539","1590.730140","192.168.3.103","192.168.3.116","CoAP","46","NON, MID:12690, 2.03 Valid","0.000812000"
"27630","1596.004957","192.168.3.116","192.168.3.103","CoAP","83","NON, MID:32205, POST, coap://192.168.3.103/sensor","5.274817000"
"27631","1596.005704","192.168.3.103","192.168.3.116","CoAP","46","NON, MID:12691, 2.03 Valid","0.000747000"
"27733","1601.291202","192.168.3.116","192.168.3.103","CoAP","83","NON, MID:59171, POST, coap://192.168.3.103/sensor","5.285498000"
"27734","1601.291845","192.168.3.103","192.168.3.116","CoAP","46","NON, MID:12692, 2.03 Valid","0.000643000"
"27778","1606.566195","192.168.3.116","192.168.3.103","CoAP","83","NON, MID:15232, POST, coap://192.168.3.103/sensor","5.274350000"
"27779","1606.566778","192.168.3.103","192.168.3.116","CoAP","46","NON, MID:12693, 2.03 Valid","0.000583000"
"27881","1611.846242","192.168.3.116","192.168.3.103","CoAP","83","NON, MID:27187, POST, coap://192.168.3.103/sensor","5.279464000"
"27882","1611.846919","192.168.3.103","192.168.3.116","CoAP","46","NON, MID:12694, 2.03 Valid","0.000677000"
"27939","1617.126903","192.168.3.116","192.168.3.103","CoAP","83","NON, MID:29392, POST, coap://192.168.3.103/sensor","5.279984000"
"27940","1617.127716","192.168.3.103","192.168.3.116","CoAP","46","NON, MID:12695, 2.03 Valid","0.000813000"
"27994","1622.406240","192.168.3.116","192.168.3.103","CoAP","83","NON, MID:28199, POST, coap://192.168.3.103/sensor","5.278524000"
"27995","1622.406945","192.168.3.103","192.168.3.116","CoAP","46","NON, MID:12696, 2.03 Valid","0.000705000"
"28032","1627.689136","192.168.3.116","192.168.3.103","CoAP","83","NON, MID:35638, POST, coap://192.168.3.103/sensor","5.282191000"
"28033","1627.689958","192.168.3.103","192.168.3.116","CoAP","46","NON, MID:12697, 2.03 Valid","0.000822000"
"28078","1632.966738","192.168.3.116","192.168.3.103","CoAP","83","NON, MID:60640, POST, coap://192.168.3.103/sensor","5.276780000"
"28079","1632.967535","192.168.3.103","192.168.3.116","CoAP","46","NON, MID:12698, 2.03 Valid","0.000797000"
"28113","1638.247706","192.168.3.116","192.168.3.103","CoAP","83","NON, MID:50435, POST, coap://192.168.3.103/sensor","5.280171000"
"28115","1638.248691","192.168.3.103","192.168.3.116","CoAP","46","NON, MID:12699, 2.03 Valid","0.000985000"
"28185","1643.527875","192.168.3.116","192.168.3.103","CoAP","83","NON, MID:52447, POST, coap://192.168.3.103/sensor","5.279184000"
"28186","1643.528695","192.168.3.103","192.168.3.116","CoAP","46","NON, MID:12700, 2.03 Valid","0.000820000"
"28235","1648.806823","192.168.3.116","192.168.3.103","CoAP","83","NON, MID:3564, POST, coap://192.168.3.103/sensor","5.278128000"
"28236","1648.807604","192.168.3.103","192.168.3.116","CoAP","46","NON, MID:12701, 2.03 Valid","0.000781000"
"28306","1654.091080","192.168.3.116","192.168.3.103","CoAP","83","NON, MID:53766, POST, coap://192.168.3.103/sensor","5.283476000"
"28307","1654.091934","192.168.3.103","192.168.3.116","CoAP","46","NON, MID:12702, 2.03 Valid","0.000854000"
"28358","1659.367513","192.168.3.116","192.168.3.103","CoAP","83","NON, MID:6978, POST, coap://192.168.3.103/sensor","5.275579000"
"28359","1659.368312","192.168.3.103","192.168.3.116","CoAP","46","NON, MID:12703, 2.03 Valid","0.000799000"
"28392","1664.647838","192.168.3.116","192.168.3.103","CoAP","83","NON, MID:5043, POST, coap://192.168.3.103/sensor","5.279526000"
"28393","1664.648645","192.168.3.103","192.168.3.116","CoAP","46","NON, MID:12704, 2.03 Valid","0.000807000"
"28437","1669.926566","192.168.3.116","192.168.3.103","CoAP","83","NON, MID:17835, POST, coap://192.168.3.103/sensor","5.277921000"
"28438","1669.927371","192.168.3.103","192.168.3.116","CoAP","46","NON, MID:12705, 2.03 Valid","0.000805000"
"28482","1675.210334","192.168.3.116","192.168.3.103","CoAP","83","NON, MID:60288, POST, coap://192.168.3.103/sensor","5.282963000"
"28483","1675.211194","192.168.3.103","192.168.3.116","CoAP","46","NON, MID:12706, 2.03 Valid","0.000860000"
"28519","1680.488056","192.168.3.116","192.168.3.103","CoAP","83","NON, MID:48698, POST, coap://192.168.3.103/sensor","5.276862000"
"28520","1680.488856","192.168.3.103","192.168.3.116","CoAP","46","NON, MID:12707, 2.03 Valid","0.000800000"
"28552","1685.768719","192.168.3.116","192.168.3.103","CoAP","83","NON, MID:48399, POST, coap://192.168.3.103/sensor","5.279863000"
"28553","1685.769519","192.168.3.103","192.168.3.116","CoAP","46","NON, MID:12708, 2.03 Valid","0.000800000"
"28578","1691.051654","192.168.3.116","192.168.3.103","CoAP","83","NON, MID:15841, POST, coap://192.168.3.103/sensor","5.282135000"
"28579","1691.052424","192.168.3.103","192.168.3.116","CoAP","46","NON, MID:12709, 2.03 Valid","0.000770000"
"28929","1696.328240","192.168.3.116","192.168.3.103","CoAP","83","NON, MID:5154, POST, coap://192.168.3.103/sensor","5.275816000"
"28930","1696.329006","192.168.3.103","192.168.3.116","CoAP","46","NON, MID:12710, 2.03 Valid","0.000766000"
"28977","1701.610718","192.168.3.116","192.168.3.103","CoAP","83","NON, MID:10095, POST, coap://192.168.3.103/sensor","5.281712000"
"28978","1701.611485","192.168.3.103","192.168.3.116","CoAP","46","NON, MID:12711, 2.03 Valid","0.000767000"
"29022","1706.886956","192.168.3.116","192.168.3.103","CoAP","83","NON, MID:27390, POST, coap://192.168.3.103/sensor","5.275471000"
"29023","1706.887771","192.168.3.103","192.168.3.116","CoAP","46","NON, MID:12712, 2.03 Valid","0.000815000"
"29078","1712.168452","192.168.3.116","192.168.3.103","CoAP","83","NON, MID:13287, POST, coap://192.168.3.103/sensor","5.280681000"
"29079","1712.169221","192.168.3.103","192.168.3.116","CoAP","46","NON, MID:12713, 2.03 Valid","0.000769000"
"29125","1717.447044","192.168.3.116","192.168.3.103","CoAP","83","NON, MID:44907, POST, coap://192.168.3.103/sensor","5.277823000"
"29126","1717.447848","192.168.3.103","192.168.3.116","CoAP","46","NON, MID:12714, 2.03 Valid","0.000804000"
"29168","1722.728809","192.168.3.116","192.168.3.103","CoAP","83","NON, MID:36352, POST, coap://192.168.3.103/sensor","5.280961000"
"29169","1722.729647","192.168.3.103","192.168.3.116","CoAP","46","NON, MID:12715, 2.03 Valid","0.000838000"
"29206","1728.007347","192.168.3.116","192.168.3.103","CoAP","83","NON, MID:15892, POST, coap://192.168.3.103/sensor","5.277700000"
"29207","1728.008143","192.168.3.103","192.168.3.116","CoAP","46","NON, MID:12716, 2.03 Valid","0.000796000"
"29254","1733.286720","192.168.3.116","192.168.3.103","CoAP","83","NON, MID:11506, POST, coap://192.168.3.103/sensor","5.278577000"
"29255","1733.287492","192.168.3.103","192.168.3.116","CoAP","46","NON, MID:12717, 2.03 Valid","0.000772000"
"29303","1738.567608","192.168.3.116","192.168.3.103","CoAP","83","NON, MID:3507, POST, coap://192.168.3.103/sensor","5.280116000"
"29304","1738.568566","192.168.3.103","192.168.3.116","CoAP","46","NON, MID:12718, 2.03 Valid","0.000958000"
"29350","1743.846938","192.168.3.116","192.168.3.103","CoAP","83","NON, MID:30244, POST, coap://192.168.3.103/sensor","5.278372000"
"29351","1743.847725","192.168.3.103","192.168.3.116","CoAP","46","NON, MID:12719, 2.03 Valid","0.000787000"
"29441","1749.130831","192.168.3.116","192.168.3.103","CoAP","83","NON, MID:21099, POST, coap://192.168.3.103/sensor","5.283106000"
"29442","1749.131523","192.168.3.103","192.168.3.116","CoAP","46","NON, MID:12720, 2.03 Valid","0.000692000"
"29474","1754.413216","192.168.3.116","192.168.3.103","CoAP","83","NON, MID:25407, POST, coap://192.168.3.103/sensor","5.281693000"
"29475","1754.413991","192.168.3.103","192.168.3.116","CoAP","46","NON, MID:12721, 2.03 Valid","0.000775000"
"29528","1759.689490","192.168.3.116","192.168.3.103","CoAP","83","NON, MID:51650, POST, coap://192.168.3.103/sensor","5.275499000"
"29529","1759.690287","192.168.3.103","192.168.3.116","CoAP","46","NON, MID:12722, 2.03 Valid","0.000797000"
"29605","1764.972064","192.168.3.116","192.168.3.103","CoAP","83","NON, MID:54949, POST, coap://192.168.3.103/sensor","5.281777000"
"29606","1764.972696","192.168.3.103","192.168.3.116","CoAP","46","NON, MID:12723, 2.03 Valid","0.000632000"
"29698","1770.248479","192.168.3.116","192.168.3.103","CoAP","83","NON, MID:62232, POST, coap://192.168.3.103/sensor","5.275783000"
"29699","1770.249272","192.168.3.103","192.168.3.116","CoAP","46","NON, MID:12724, 2.03 Valid","0.000793000"
"29756","1775.527621","192.168.3.116","192.168.3.103","CoAP","83","NON, MID:48403, POST, coap://192.168.3.103/sensor","5.278349000"
"29757","1775.528546","192.168.3.103","192.168.3.116","CoAP","46","NON, MID:12725, 2.03 Valid","0.000925000"
"29813","1780.814044","192.168.3.116","192.168.3.103","CoAP","83","NON, MID:38089, POST, coap://192.168.3.103/sensor","5.285498000"
"29814","1780.814932","192.168.3.103","192.168.3.116","CoAP","46","NON, MID:12726, 2.03 Valid","0.000888000"
"29863","1786.092925","192.168.3.116","192.168.3.103","CoAP","83","NON, MID:38451, POST, coap://192.168.3.103/sensor","5.277993000"
"29864","1786.093730","192.168.3.103","192.168.3.116","CoAP","46","NON, MID:12727, 2.03 Valid","0.000805000"
"29910","1791.370154","192.168.3.116","192.168.3.103","CoAP","83","NON, MID:47795, POST, coap://192.168.3.103/sensor","5.276424000"
"29911","1791.370962","192.168.3.103","192.168.3.116","CoAP","46","NON, MID:12728, 2.03 Valid","0.000808000"
"29952","1796.647682","192.168.3.116","192.168.3.103","CoAP","83","NON, MID:47130, POST, coap://192.168.3.103/sensor","5.276720000"
"29953","1796.648534","192.168.3.103","192.168.3.116","CoAP","46","NON, MID:12729, 2.03 Valid","0.000852000"
