No.,Time,Source,Destination,Protocol,Length,Info,Intervalo,Delta_t
11,1.144176,5.196.78.28,192.168.3.103,MQTT,88,Publish Message [esp32/felipe/dht],0.0,
57,5.851103,5.196.78.28,192.168.3.103,MQTT,88,Publish Message [esp32/felipe/dht],4.658455,4.706927
117,11.111766,5.196.78.28,192.168.3.103,MQTT,88,Publish Message [esp32/felipe/dht],5.213903,5.260662999999999
182,16.576087,5.196.78.28,192.168.3.103,MQTT,88,Publish Message [esp32/felipe/dht],5.419055,5.464321000000002
236,22.637702,5.196.78.28,192.168.3.103,MQTT,88,Publish Message [esp32/felipe/dht],6.013287,6.061615
325,28.160305,5.196.78.28,192.168.3.103,MQTT,88,Publish Message [esp32/felipe/dht],5.468269,5.522603
480,33.103912,5.196.78.28,192.168.3.103,MQTT,88,Publish Message [esp32/felipe/dht],4.89002,4.943607
532,38.508231,5.196.78.28,192.168.3.103,MQTT,88,Publish Message [esp32/felipe/dht],5.363572,5.404319000000001
593,43.28863,5.196.78.28,192.168.3.103,MQTT,88,Publish Message [esp32/felipe/dht],4.735932,4.780398999999996
790,48.514336,5.196.78.28,192.168.3.103,MQTT,88,Publish Message [esp32/felipe/dht],5.175037,5.225706000000002
855,54.255219,5.196.78.28,192.168.3.103,MQTT,88,Publish Message [esp32/felipe/dht],0.820935,5.740882999999997
1779,59.080003,5.196.78.28,192.168.3.103,MQTT,88,Publish Message [esp32/felipe/dht],4.779243,4.824784000000001
2676,64.43716,5.196.78.28,192.168.3.103,MQTT,88,Publish Message [esp32/felipe/dht],5.313679,5.357157000000008
3698,70.451507,5.196.78.28,192.168.3.103,MQTT,88,Publish Message [esp32/felipe/dht],5.974331,6.014347000000001
4585,75.768955,5.196.78.28,192.168.3.103,MQTT,88,Publish Message [esp32/felipe/dht],5.264604,5.317447999999999
5289,80.575053,5.196.78.28,192.168.3.103,MQTT,88,Publish Message [esp32/felipe/dht],4.75623,4.8060979999999915
6533,86.371062,5.196.78.28,192.168.3.103,MQTT,88,Publish Message [esp32/felipe/dht],5.752759,5.796008999999998
14413,91.084426,5.196.78.28,192.168.3.103,MQTT,88,Publish Message [esp32/felipe/dht],4.671319,4.7133639999999986
24658,96.182905,5.196.78.28,192.168.3.103,MQTT,88,Publish Message [esp32/felipe/dht],5.050818,5.098479000000012
24805,100.943957,5.196.78.28,192.168.3.103,MQTT,88,Publish Message [esp32/felipe/dht],4.714473,4.761051999999992
25143,106.288813,5.196.78.28,192.168.3.103,MQTT,88,Publish Message [esp32/felipe/dht],5.290394,5.344856000000007
25508,111.55967,5.196.78.28,192.168.3.103,MQTT,88,Publish Message [esp32/felipe/dht],5.225153,5.270856999999992
25572,117.150505,5.196.78.28,192.168.3.103,MQTT,88,Publish Message [esp32/felipe/dht],3.999393,5.5908349999999984
25615,122.353872,5.196.78.28,192.168.3.103,MQTT,88,Publish Message [esp32/felipe/dht],5.156655,5.203367
25692,127.982535,5.196.78.28,192.168.3.103,MQTT,88,Publish Message [esp32/felipe/dht],5.580199,5.628663000000003
25780,133.772936,5.196.78.28,192.168.3.103,MQTT,88,Publish Message [esp32/felipe/dht],5.749667,5.790400999999989
25821,139.146141,5.196.78.28,192.168.3.103,MQTT,88,Publish Message [esp32/felipe/dht],5.321138,5.373205000000013
25916,144.365687,5.196.78.28,192.168.3.103,MQTT,88,Publish Message [esp32/felipe/dht],5.165052,5.219546000000008
25988,149.410954,5.196.78.28,192.168.3.103,MQTT,88,Publish Message [esp32/felipe/dht],4.991019,5.0452669999999955
26064,153.972117,5.196.78.28,192.168.3.103,MQTT,88,Publish Message [esp32/felipe/dht],4.519153,4.561162999999993
26111,159.635833,5.196.78.28,192.168.3.103,MQTT,88,Publish Message [esp32/felipe/dht],5.613883,5.663715999999994
26148,164.990537,5.196.78.28,192.168.3.103,MQTT,88,Publish Message [esp32/felipe/dht],5.313131,5.354703999999998
26220,170.90518,5.196.78.28,192.168.3.103,MQTT,88,Publish Message [esp32/felipe/dht],5.864132,5.914643000000012
26257,175.520283,5.196.78.28,192.168.3.103,MQTT,88,Publish Message [esp32/felipe/dht],1.571579,4.615103000000005
26310,181.538051,5.196.78.28,192.168.3.103,MQTT,88,Publish Message [esp32/felipe/dht],5.975838,6.01776799999999
26350,186.196835,5.196.78.28,192.168.3.103,MQTT,88,Publish Message [esp32/felipe/dht],4.614797,4.658783999999997
26395,192.332112,5.196.78.28,192.168.3.103,MQTT,88,Publish Message [esp32/felipe/dht],6.092629,6.135277000000002
26434,197.516235,5.196.78.28,192.168.3.103,MQTT,88,Publish Message [esp32/felipe/dht],5.142236,5.184123
32305,203.054442,5.196.78.28,192.168.3.103,MQTT,88,Publish Message [esp32/felipe/dht],5.495861,5.538207
33937,208.246403,5.196.78.28,192.168.3.103,MQTT,88,Publish Message [esp32/felipe/dht],5.152128,5.191960999999992
51709,212.799704,5.196.78.28,192.168.3.103,MQTT,88,Publish Message [esp32/felipe/dht],4.514098,4.553301000000005
73853,218.384854,5.196.78.28,192.168.3.103,MQTT,88,Publish Message [esp32/felipe/dht],5.544127,5.585149999999999
77528,223.288733,5.196.78.28,192.168.3.103,MQTT,88,Publish Message [esp32/felipe/dht],4.863766,4.903879000000018
83526,228.214655,5.196.78.28,192.168.3.103,MQTT,88,Publish Message [esp32/felipe/dht],4.885245,4.925921999999986
91547,233.28017,5.196.78.28,192.168.3.103,MQTT,88,Publish Message [esp32/felipe/dht],0.850513,5.065515000000005
91903,239.273573,5.196.78.28,192.168.3.103,MQTT,88,Publish Message [esp32/felipe/dht],5.116573,5.993403000000001
92358,244.281968,5.196.78.28,192.168.3.103,MQTT,88,Publish Message [esp32/felipe/dht],4.967628,5.008395000000007
92633,250.227707,5.196.78.28,192.168.3.103,MQTT,88,Publish Message [esp32/felipe/dht],5.904793,5.945739000000003
94651,254.511045,5.196.78.28,192.168.3.103,MQTT,88,Publish Message [esp32/felipe/dht],4.243043,4.283337999999986
95780,259.636673,5.196.78.28,192.168.3.103,MQTT,88,Publish Message [esp32/felipe/dht],5.084522,5.125627999999978
96148,264.367615,5.196.78.28,192.168.3.103,MQTT,88,Publish Message [esp32/felipe/dht],4.684994,4.730942000000027
96271,269.856789,5.196.78.28,192.168.3.103,MQTT,88,Publish Message [esp32/felipe/dht],5.445044,5.489173999999991
96310,275.288388,5.196.78.28,192.168.3.103,MQTT,88,Publish Message [esp32/felipe/dht],5.380528,5.431599000000006
96354,280.849477,5.196.78.28,192.168.3.103,MQTT,88,Publish Message [esp32/felipe/dht],5.506929,5.561088999999981
96399,286.774115,5.196.78.28,192.168.3.103,MQTT,88,Publish Message [esp32/felipe/dht],5.879662,5.924638000000016
96438,291.439105,5.196.78.28,192.168.3.103,MQTT,88,Publish Message [esp32/felipe/dht],4.618727,4.664989999999989
96479,297.608834,5.196.78.28,192.168.3.103,MQTT,88,Publish Message [esp32/felipe/dht],3.688581,6.169729000000018
96530,302.029206,5.196.78.28,192.168.3.103,MQTT,88,Publish Message [esp32/felipe/dht],4.365814,4.420371999999986
96571,307.089712,5.196.78.28,192.168.3.103,MQTT,88,Publish Message [esp32/felipe/dht],5.009072,5.060506000000032
96607,312.057004,5.196.78.28,192.168.3.103,MQTT,88,Publish Message [esp32/felipe/dht],4.918778,4.967291999999986
96642,317.317539,5.196.78.28,192.168.3.103,MQTT,88,Publish Message [esp32/felipe/dht],5.217592,5.260535000000004
96691,322.66153,5.196.78.28,192.168.3.103,MQTT,88,Publish Message [esp32/felipe/dht],5.290153,5.343991000000017
96732,327.99724,5.196.78.28,192.168.3.103,MQTT,88,Publish Message [esp32/felipe/dht],5.294128,5.335709999999949
96764,333.15652,5.196.78.28,192.168.3.103,MQTT,88,Publish Message [esp32/felipe/dht],5.11081,5.159280000000024
96802,338.33156,5.196.78.28,192.168.3.103,MQTT,88,Publish Message [esp32/felipe/dht],5.131211,5.175040000000024
96837,344.259731,5.196.78.28,192.168.3.103,MQTT,88,Publish Message [esp32/felipe/dht],5.877141,5.928170999999963
96894,348.965831,5.196.78.28,192.168.3.103,MQTT,88,Publish Message [esp32/felipe/dht],4.657417,4.706099999999992
96952,354.577971,5.196.78.28,192.168.3.103,MQTT,88,Publish Message [esp32/felipe/dht],0.018894,5.612140000000011
96990,359.768152,5.196.78.28,192.168.3.103,MQTT,88,Publish Message [esp32/felipe/dht],5.147136,5.1901809999999955
97032,364.857948,5.196.78.28,192.168.3.103,MQTT,88,Publish Message [esp32/felipe/dht],5.044583,5.089796000000035
97075,370.891635,5.196.78.28,192.168.3.103,MQTT,88,Publish Message [esp32/felipe/dht],5.983533,6.033686999999986
97111,375.717735,5.196.78.28,192.168.3.103,MQTT,88,Publish Message [esp32/felipe/dht],4.779665,4.826099999999997
97239,381.737309,5.196.78.28,192.168.3.103,MQTT,88,Publish Message [esp32/felipe/dht],5.971481,6.019573999999977
97277,386.331241,5.196.78.28,192.168.3.103,MQTT,88,Publish Message [esp32/felipe/dht],4.546196,4.593931999999995
97343,391.954757,5.196.78.28,192.168.3.103,MQTT,88,Publish Message [esp32/felipe/dht],5.572806,5.623515999999995
97374,396.84596,5.196.78.28,192.168.3.103,MQTT,88,Publish Message [esp32/felipe/dht],4.84625,4.891203000000019
97402,401.904627,5.196.78.28,192.168.3.103,MQTT,88,Publish Message [esp32/felipe/dht],5.004591,5.058667000000014
97447,407.435856,5.196.78.28,192.168.3.103,MQTT,88,Publish Message [esp32/felipe/dht],5.48875,5.531228999999996
97479,413.071559,5.196.78.28,192.168.3.103,MQTT,88,Publish Message [esp32/felipe/dht],5.591182,5.635702999999978
97767,418.877296,5.196.78.28,192.168.3.103,MQTT,88,Publish Message [esp32/felipe/dht],4.375601,5.805737000000022
97829,424.288783,5.196.78.28,192.168.3.103,MQTT,88,Publish Message [esp32/felipe/dht],5.369585,5.411487000000022
97898,429.518936,5.196.78.28,192.168.3.103,MQTT,88,Publish Message [esp32/felipe/dht],5.188263,5.230152999999973
97933,434.05164,5.196.78.28,192.168.3.103,MQTT,88,Publish Message [esp32/felipe/dht],4.487225,4.532704000000024
97977,440.187111,5.196.78.28,192.168.3.103,MQTT,88,Publish Message [esp32/felipe/dht],6.093998,6.1354709999999955
98035,444.937916,5.196.78.28,192.168.3.103,MQTT,88,Publish Message [esp32/felipe/dht],4.700584,4.750804999999957
98085,449.756721,5.196.78.28,192.168.3.103,MQTT,88,Publish Message [esp32/felipe/dht],4.776958,4.818805000000054
98159,454.800396,5.196.78.28,192.168.3.103,MQTT,88,Publish Message [esp32/felipe/dht],4.995904,5.043674999999951
98192,459.943813,5.196.78.28,192.168.3.103,MQTT,88,Publish Message [esp32/felipe/dht],5.098257,5.1434169999999995
98223,465.337585,5.196.78.28,192.168.3.103,MQTT,88,Publish Message [esp32/felipe/dht],5.344636,5.393772000000013
98275,470.754792,5.196.78.28,192.168.3.103,MQTT,88,Publish Message [esp32/felipe/dht],5.367811,5.417207000000019
98311,475.845759,5.196.78.28,192.168.3.103,MQTT,88,Publish Message [esp32/felipe/dht],0.85247,5.090966999999978
98349,481.128963,5.196.78.28,192.168.3.103,MQTT,88,Publish Message [esp32/felipe/dht],5.234861,5.283204000000012
98415,487.580249,5.196.78.28,192.168.3.103,MQTT,88,Publish Message [esp32/felipe/dht],6.399086,6.451285999999982
98446,492.463107,5.196.78.28,192.168.3.103,MQTT,88,Publish Message [esp32/felipe/dht],4.841484,4.882857999999999
98481,497.318328,5.196.78.28,192.168.3.103,MQTT,88,Publish Message [esp32/felipe/dht],4.811318,4.855221000000029
98507,502.161519,5.196.78.28,192.168.3.103,MQTT,88,Publish Message [esp32/felipe/dht],4.791119,4.84319099999999
98534,507.613254,5.196.78.28,192.168.3.103,MQTT,88,Publish Message [esp32/felipe/dht],5.407954,5.451734999999985
98565,513.279755,5.196.78.28,192.168.3.103,MQTT,88,Publish Message [esp32/felipe/dht],5.612029,5.666501000000039
98688,518.866862,5.196.78.28,192.168.3.103,MQTT,88,Publish Message [esp32/felipe/dht],5.541635,5.587106999999946
98744,524.816814,5.196.78.28,192.168.3.103,MQTT,88,Publish Message [esp32/felipe/dht],5.894235,5.949952000000053
98806,529.634609,5.196.78.28,192.168.3.103,MQTT,88,Publish Message [esp32/felipe/dht],4.76612,4.817794999999933
98837,534.500472,5.196.78.28,192.168.3.103,MQTT,88,Publish Message [esp32/felipe/dht],4.822845,4.86586299999999
98878,540.467726,5.196.78.28,192.168.3.103,MQTT,88,Publish Message [esp32/felipe/dht],3.343793,5.967254000000025
98913,544.864274,5.196.78.28,192.168.3.103,MQTT,88,Publish Message [esp32/felipe/dht],4.354441,4.3965480000000525
98989,549.915835,5.196.78.28,192.168.3.103,MQTT,88,Publish Message [esp32/felipe/dht],5.011018,5.051560999999992
99029,555.790899,5.196.78.28,192.168.3.103,MQTT,88,Publish Message [esp32/felipe/dht],5.821113,5.875063999999952
99099,560.917149,5.196.78.28,192.168.3.103,MQTT,88,Publish Message [esp32/felipe/dht],5.082855,5.126250000000027
99150,566.303555,5.196.78.28,192.168.3.103,MQTT,88,Publish Message [esp32/felipe/dht],5.336142,5.386405999999965
99188,572.432399,5.196.78.28,192.168.3.103,MQTT,88,Publish Message [esp32/felipe/dht],6.085635,6.128844000000072
99224,577.42856,5.196.78.28,192.168.3.103,MQTT,88,Publish Message [esp32/felipe/dht],4.944834,4.9961609999999155
99249,582.361626,5.196.78.28,192.168.3.103,MQTT,88,Publish Message [esp32/felipe/dht],4.888422,4.9330660000000535
99284,587.351981,5.196.78.28,192.168.3.103,MQTT,88,Publish Message [esp32/felipe/dht],4.941668,4.990355000000022
99307,592.697085,5.196.78.28,192.168.3.103,MQTT,88,Publish Message [esp32/felipe/dht],5.295439,5.345103999999992
99344,598.131864,5.196.78.28,192.168.3.103,MQTT,88,Publish Message [esp32/felipe/dht],0.25705,5.434778999999935
99442,602.914097,5.196.78.28,192.168.3.103,MQTT,88,Publish Message [esp32/felipe/dht],4.730306,4.782233000000019
99756,608.817057,5.196.78.28,192.168.3.103,MQTT,88,Publish Message [esp32/felipe/dht],5.862154,5.902960000000007
99782,613.498458,5.196.78.28,192.168.3.103,MQTT,88,Publish Message [esp32/felipe/dht],4.632375,4.681401000000051
99811,618.527287,5.196.78.28,192.168.3.103,MQTT,88,Publish Message [esp32/felipe/dht],4.977189,5.028828999999973
99848,624.613539,5.196.78.28,192.168.3.103,MQTT,88,Publish Message [esp32/felipe/dht],6.044134,6.086251999999945
99902,629.821157,5.196.78.28,192.168.3.103,MQTT,88,Publish Message [esp32/felipe/dht],5.166549,5.207618000000025
99924,634.99164,5.196.78.28,192.168.3.103,MQTT,88,Publish Message [esp32/felipe/dht],5.119804,5.17048299999999
100286,640.238448,5.196.78.28,192.168.3.103,MQTT,88,Publish Message [esp32/felipe/dht],5.191509,5.246807999999987
100371,645.013018,5.196.78.28,192.168.3.103,MQTT,88,Publish Message [esp32/felipe/dht],4.726929,4.77457000000004
100407,649.887161,5.196.78.28,192.168.3.103,MQTT,88,Publish Message [esp32/felipe/dht],4.826593,4.874143000000004
100463,655.544489,5.196.78.28,192.168.3.103,MQTT,88,Publish Message [esp32/felipe/dht],0.403817,5.657328000000007
100537,660.944659,5.196.78.28,192.168.3.103,MQTT,88,Publish Message [esp32/felipe/dht],4.483757,5.400170000000003
100579,666.672302,5.196.78.28,192.168.3.103,MQTT,88,Publish Message [esp32/felipe/dht],5.684174,5.727642999999944
100607,671.281861,5.196.78.28,192.168.3.103,MQTT,88,Publish Message [esp32/felipe/dht],4.565249,4.609559000000104
100671,676.573374,5.196.78.28,192.168.3.103,MQTT,88,Publish Message [esp32/felipe/dht],5.242478,5.291512999999895
100905,681.912848,5.196.78.28,192.168.3.103,MQTT,88,Publish Message [esp32/felipe/dht],5.286867,5.339474000000109
100966,686.967673,5.196.78.28,192.168.3.103,MQTT,88,Publish Message [esp32/felipe/dht],5.001765,5.054824999999937
101004,692.534549,5.196.78.28,192.168.3.103,MQTT,88,Publish Message [esp32/felipe/dht],5.523609,5.566875999999979
101039,697.552692,5.196.78.28,192.168.3.103,MQTT,88,Publish Message [esp32/felipe/dht],4.977744,5.018143000000009
101074,703.347601,5.196.78.28,192.168.3.103,MQTT,88,Publish Message [esp32/felipe/dht],5.747386,5.794909000000075
101147,708.948645,5.196.78.28,192.168.3.103,MQTT,88,Publish Message [esp32/felipe/dht],5.548624,5.601044000000002
101182,713.531838,5.196.78.28,192.168.3.103,MQTT,88,Publish Message [esp32/felipe/dht],4.539006,4.5831929999999375
101220,718.495022,5.196.78.28,192.168.3.103,MQTT,88,Publish Message [esp32/felipe/dht],1.145605,4.963183999999956
101260,723.654459,5.196.78.28,192.168.3.103,MQTT,88,Publish Message [esp32/felipe/dht],5.110718,5.159437000000025
101320,730.084305,5.196.78.28,192.168.3.103,MQTT,88,Publish Message [esp32/felipe/dht],6.385098,6.429845999999998
101355,735.203998,5.196.78.28,192.168.3.103,MQTT,88,Publish Message [esp32/felipe/dht],5.06919,5.119692999999984
101381,739.63262,5.196.78.28,192.168.3.103,MQTT,88,Publish Message [esp32/felipe/dht],4.383912,4.4286220000000185
101443,745.29153,5.196.78.28,192.168.3.103,MQTT,88,Publish Message [esp32/felipe/dht],5.611781,5.658909999999992
101492,751.014041,5.196.78.28,192.168.3.103,MQTT,88,Publish Message [esp32/felipe/dht],5.680655,5.722511000000054
101603,756.113885,5.196.78.28,192.168.3.103,MQTT,88,Publish Message [esp32/felipe/dht],5.05641,5.099843999999962
101648,761.461632,5.196.78.28,192.168.3.103,MQTT,88,Publish Message [esp32/felipe/dht],5.29795,5.347747000000027
101707,766.457666,5.196.78.28,192.168.3.103,MQTT,88,Publish Message [esp32/felipe/dht],4.943359,4.996034000000009
102418,772.228231,5.196.78.28,192.168.3.103,MQTT,88,Publish Message [esp32/felipe/dht],5.719267,5.770565000000033
102451,776.763093,5.196.78.28,192.168.3.103,MQTT,88,Publish Message [esp32/felipe/dht],0.292841,4.5348619999999755
102496,782.026919,5.196.78.28,192.168.3.103,MQTT,88,Publish Message [esp32/felipe/dht],4.248,5.263825999999995
102538,787.152749,5.196.78.28,192.168.3.103,MQTT,88,Publish Message [esp32/felipe/dht],5.075569,5.125829999999951
102577,792.593614,5.196.78.28,192.168.3.103,MQTT,88,Publish Message [esp32/felipe/dht],5.386619,5.440865000000031
102607,798.220409,5.196.78.28,192.168.3.103,MQTT,88,Publish Message [esp32/felipe/dht],5.576633,5.6267950000000155
102665,803.684458,5.196.78.28,192.168.3.103,MQTT,88,Publish Message [esp32/felipe/dht],5.412612,5.464048999999932
102712,808.893599,5.196.78.28,192.168.3.103,MQTT,88,Publish Message [esp32/felipe/dht],5.158371,5.209141000000045
102748,814.423028,5.196.78.28,192.168.3.103,MQTT,88,Publish Message [esp32/felipe/dht],5.481235,5.52942900000005
102819,819.335018,5.196.78.28,192.168.3.103,MQTT,88,Publish Message [esp32/felipe/dht],4.869121,4.911989999999946
102880,824.602897,5.196.78.28,192.168.3.103,MQTT,88,Publish Message [esp32/felipe/dht],5.222842,5.2678789999999935
102959,829.453338,5.196.78.28,192.168.3.103,MQTT,88,Publish Message [esp32/felipe/dht],4.80625,4.850441000000046
103134,834.954038,5.196.78.28,192.168.3.103,MQTT,88,Publish Message [esp32/felipe/dht],5.449318,5.500699999999938
103210,840.373814,5.196.78.28,192.168.3.103,MQTT,88,Publish Message [esp32/felipe/dht],1.515453,5.41977600000007
103260,845.460746,5.196.78.28,192.168.3.103,MQTT,88,Publish Message [esp32/felipe/dht],5.044237,5.086931999999933
103302,851.297428,5.196.78.28,192.168.3.103,MQTT,88,Publish Message [esp32/felipe/dht],5.795106,5.836681999999996
103352,856.326926,5.196.78.28,192.168.3.103,MQTT,88,Publish Message [esp32/felipe/dht],4.978999,5.02949799999999
103395,861.478197,5.196.78.28,192.168.3.103,MQTT,88,Publish Message [esp32/felipe/dht],5.105643,5.151271000000065
103430,866.624564,5.196.78.28,192.168.3.103,MQTT,88,Publish Message [esp32/felipe/dht],5.10261,5.146366999999941
103469,871.669303,5.196.78.28,192.168.3.103,MQTT,88,Publish Message [esp32/felipe/dht],5.002351,5.04473900000005
103587,876.925855,5.196.78.28,192.168.3.103,MQTT,88,Publish Message [esp32/felipe/dht],5.202058,5.256551999999942
103636,882.352215,5.196.78.28,192.168.3.103,MQTT,88,Publish Message [esp32/felipe/dht],5.378639,5.426360000000045
103697,887.732594,5.196.78.28,192.168.3.103,MQTT,88,Publish Message [esp32/felipe/dht],5.335199,5.380378999999948
103774,892.984594,5.196.78.28,192.168.3.103,MQTT,88,Publish Message [esp32/felipe/dht],5.205928,5.252000000000066
103975,898.134118,5.196.78.28,192.168.3.103,MQTT,88,Publish Message [esp32/felipe/dht],0.888151,5.1495239999999285
104636,903.623485,5.196.78.28,192.168.3.103,MQTT,88,Publish Message [esp32/felipe/dht],5.327133,5.489367000000016
105011,908.378211,5.196.78.28,192.168.3.103,MQTT,88,Publish Message [esp32/felipe/dht],4.708738,4.754726000000005
105046,913.679949,5.196.78.28,192.168.3.103,MQTT,88,Publish Message [esp32/felipe/dht],5.249265,5.301738
105083,919.30926,5.196.78.28,192.168.3.103,MQTT,88,Publish Message [esp32/felipe/dht],5.586508,5.62931100000003
105413,924.594875,5.196.78.28,192.168.3.103,MQTT,88,Publish Message [esp32/felipe/dht],5.236139,5.285615000000007
105450,929.568348,5.196.78.28,192.168.3.103,MQTT,88,Publish Message [esp32/felipe/dht],4.925066,4.973473000000013
105507,934.805913,5.196.78.28,192.168.3.103,MQTT,88,Publish Message [esp32/felipe/dht],5.188048,5.237565000000018
105702,939.748933,5.196.78.28,192.168.3.103,MQTT,88,Publish Message [esp32/felipe/dht],4.890572,4.943019999999933
105787,945.437299,5.196.78.28,192.168.3.103,MQTT,88,Publish Message [esp32/felipe/dht],5.642479,5.688366000000087
105851,951.119214,5.196.78.28,192.168.3.103,MQTT,88,Publish Message [esp32/felipe/dht],5.641407,5.681915000000004
105947,955.972382,5.196.78.28,192.168.3.103,MQTT,88,Publish Message [esp32/felipe/dht],4.809093,4.853167999999982
106007,961.403342,5.196.78.28,192.168.3.103,MQTT,88,Publish Message [esp32/felipe/dht],1.939973,5.430959999999914
106080,966.8459,5.196.78.28,192.168.3.103,MQTT,88,Publish Message [esp32/felipe/dht],5.390593,5.442558000000076
106244,972.307543,5.196.78.28,192.168.3.103,MQTT,88,Publish Message [esp32/felipe/dht],5.419503,5.461642999999981
106291,977.236069,5.196.78.28,192.168.3.103,MQTT,88,Publish Message [esp32/felipe/dht],4.887832,4.9285260000000335
106700,982.681506,5.196.78.28,192.168.3.103,MQTT,88,Publish Message [esp32/felipe/dht],5.399259,5.44543699999997
111837,987.759717,5.196.78.28,192.168.3.103,MQTT,88,Publish Message [esp32/felipe/dht],5.026867,5.07821100000001
113609,993.210865,5.196.78.28,192.168.3.103,MQTT,88,Publish Message [esp32/felipe/dht],5.403085,5.451147999999989
114823,998.22266,5.196.78.28,192.168.3.103,MQTT,88,Publish Message [esp32/felipe/dht],4.961523,5.011795000000006
115518,1003.483956,5.196.78.28,192.168.3.103,MQTT,88,Publish Message [esp32/felipe/dht],5.206201,5.261296000000016
115769,1008.680825,5.196.78.28,192.168.3.103,MQTT,88,Publish Message [esp32/felipe/dht],5.157035,5.196868999999992
116768,1014.496386,5.196.78.28,192.168.3.103,MQTT,88,Publish Message [esp32/felipe/dht],5.768958,5.815561000000002
117616,1019.648666,5.196.78.28,192.168.3.103,MQTT,88,Publish Message [esp32/felipe/dht],0.89215,5.152280000000019
119702,1025.018011,5.196.78.28,192.168.3.103,MQTT,88,Publish Message [esp32/felipe/dht],5.128662,5.369344999999839
120310,1030.301594,5.196.78.28,192.168.3.103,MQTT,88,Publish Message [esp32/felipe/dht],5.238798,5.283583000000135
121628,1035.198353,5.196.78.28,192.168.3.103,MQTT,88,Publish Message [esp32/felipe/dht],4.850151,4.8967589999999745
122245,1040.527598,5.196.78.28,192.168.3.103,MQTT,88,Publish Message [esp32/felipe/dht],5.28486,5.329244999999901
122935,1046.032481,5.196.78.28,192.168.3.103,MQTT,88,Publish Message [esp32/felipe/dht],5.452903,5.5048830000000635
123249,1051.312874,5.196.78.28,192.168.3.103,MQTT,88,Publish Message [esp32/felipe/dht],5.226669,5.280393000000004
123513,1056.621024,5.196.78.28,192.168.3.103,MQTT,88,Publish Message [esp32/felipe/dht],5.267057,5.308150000000069
123552,1062.011859,5.196.78.28,192.168.3.103,MQTT,88,Publish Message [esp32/felipe/dht],5.345316,5.3908349999999245
123594,1067.598151,5.196.78.28,192.168.3.103,MQTT,88,Publish Message [esp32/felipe/dht],5.536365,5.586291999999958
123630,1072.67806,5.196.78.28,192.168.3.103,MQTT,88,Publish Message [esp32/felipe/dht],5.029101,5.079909000000043
123706,1077.902815,5.196.78.28,192.168.3.103,MQTT,88,Publish Message [esp32/felipe/dht],5.182521,5.224754999999959
123746,1082.770758,5.196.78.28,192.168.3.103,MQTT,88,Publish Message [esp32/felipe/dht],2.123984,4.867942999999968
123781,1088.00536,5.196.78.28,192.168.3.103,MQTT,88,Publish Message [esp32/felipe/dht],5.186354,5.234602000000223
123828,1093.688672,5.196.78.28,192.168.3.103,MQTT,88,Publish Message [esp32/felipe/dht],5.633126,5.683311999999887
123876,1098.832458,5.196.78.28,192.168.3.103,MQTT,88,Publish Message [esp32/felipe/dht],5.096316,5.143786000000091
123930,1104.663405,5.196.78.28,192.168.3.103,MQTT,88,Publish Message [esp32/felipe/dht],5.776924,5.830946999999924
123970,1109.127449,5.196.78.28,192.168.3.103,MQTT,88,Publish Message [esp32/felipe/dht],4.421162,4.464044000000058
124001,1114.548213,5.196.78.28,192.168.3.103,MQTT,88,Publish Message [esp32/felipe/dht],5.372235,5.420763999999963
124047,1120.387498,5.196.78.28,192.168.3.103,MQTT,88,Publish Message [esp32/felipe/dht],5.784845,5.839285000000018
124083,1124.850484,5.196.78.28,192.168.3.103,MQTT,88,Publish Message [esp32/felipe/dht],4.413514,4.462986000000001
124130,1130.551689,5.196.78.28,192.168.3.103,MQTT,88,Publish Message [esp32/felipe/dht],5.653336,5.701204999999845
124160,1135.513756,5.196.78.28,192.168.3.103,MQTT,88,Publish Message [esp32/felipe/dht],4.913984,4.962067000000161
124196,1140.796243,5.196.78.28,192.168.3.103,MQTT,88,Publish Message [esp32/felipe/dht],1.033257,5.282486999999946
124244,1146.496745,5.196.78.28,192.168.3.103,MQTT,88,Publish Message [esp32/felipe/dht],4.9488,5.700501999999915
124273,1151.22116,5.196.78.28,192.168.3.103,MQTT,88,Publish Message [esp32/felipe/dht],4.679315,4.7244150000001355
124311,1157.026155,5.196.78.28,192.168.3.103,MQTT,88,Publish Message [esp32/felipe/dht],5.750842,5.804994999999963
124351,1162.284798,5.196.78.28,192.168.3.103,MQTT,88,Publish Message [esp32/felipe/dht],5.213236,5.258642999999893
124403,1167.85426,5.196.78.28,192.168.3.103,MQTT,88,Publish Message [esp32/felipe/dht],5.5152,5.569462000000158
124450,1173.449001,5.196.78.28,192.168.3.103,MQTT,88,Publish Message [esp32/felipe/dht],5.553277,5.594740999999885
124486,1178.076467,5.196.78.28,192.168.3.103,MQTT,88,Publish Message [esp32/felipe/dht],4.587553,4.62746600000014
124526,1183.315841,5.196.78.28,192.168.3.103,MQTT,88,Publish Message [esp32/felipe/dht],5.184855,5.239373999999998
124593,1188.513204,5.196.78.28,192.168.3.103,MQTT,88,Publish Message [esp32/felipe/dht],5.155985,5.197362999999996
124633,1193.805778,5.196.78.28,192.168.3.103,MQTT,88,Publish Message [esp32/felipe/dht],5.240295,5.292573999999831
124687,1199.047027,5.196.78.28,192.168.3.103,MQTT,88,Publish Message [esp32/felipe/dht],5.197354,5.241249000000153
124757,1203.93852,5.196.78.28,192.168.3.103,MQTT,88,Publish Message [esp32/felipe/dht],2.64909,4.891492999999855
124864,1209.99604,5.196.78.28,192.168.3.103,MQTT,88,Publish Message [esp32/felipe/dht],6.014304,6.057520000000068
124909,1215.196427,5.196.78.28,192.168.3.103,MQTT,88,Publish Message [esp32/felipe/dht],5.146676,5.200387000000092
124961,1221.042202,5.196.78.28,192.168.3.103,MQTT,88,Publish Message [esp32/felipe/dht],5.806014,5.845775000000003
124994,1225.657755,5.196.78.28,192.168.3.103,MQTT,88,Publish Message [esp32/felipe/dht],4.563776,4.6155529999998635
125022,1230.748146,5.196.78.28,192.168.3.103,MQTT,88,Publish Message [esp32/felipe/dht],5.049846,5.090390999999954
125078,1235.984983,5.196.78.28,192.168.3.103,MQTT,88,Publish Message [esp32/felipe/dht],5.196482,5.2368370000001505
125119,1241.23599,5.196.78.28,192.168.3.103,MQTT,88,Publish Message [esp32/felipe/dht],5.202883,5.251006999999845
125147,1246.584867,5.196.78.28,192.168.3.103,MQTT,88,Publish Message [esp32/felipe/dht],5.29403,5.3488770000001296
125182,1251.834063,5.196.78.28,192.168.3.103,MQTT,88,Publish Message [esp32/felipe/dht],5.201879,5.2491959999999835
125204,1256.315998,5.196.78.28,192.168.3.103,MQTT,88,Publish Message [esp32/felipe/dht],4.442395,4.481935000000021
125237,1262.315354,5.196.78.28,192.168.3.103,MQTT,88,Publish Message [esp32/felipe/dht],0.691591,5.999356000000034
125270,1267.380558,5.196.78.28,192.168.3.103,MQTT,88,Publish Message [esp32/felipe/dht],5.012439,5.065203999999994
125303,1272.569499,5.196.78.28,192.168.3.103,MQTT,88,Publish Message [esp32/felipe/dht],5.141584,5.188940999999886
125348,1277.732076,5.196.78.28,192.168.3.103,MQTT,88,Publish Message [esp32/felipe/dht],5.114761,5.162577000000056
125463,1283.436137,5.196.78.28,192.168.3.103,MQTT,88,Publish Message [esp32/felipe/dht],5.658778,5.704060999999911
125501,1288.728782,5.196.78.28,192.168.3.103,MQTT,88,Publish Message [esp32/felipe/dht],5.240116,5.292644999999993
125543,1293.742064,5.196.78.28,192.168.3.103,MQTT,88,Publish Message [esp32/felipe/dht],4.970155,5.0132820000001175
125580,1299.102715,5.196.78.28,192.168.3.103,MQTT,88,Publish Message [esp32/felipe/dht],5.308789,5.360650999999962
132184,1304.898238,5.196.78.28,192.168.3.103,MQTT,88,Publish Message [esp32/felipe/dht],5.750495,5.795523000000003
132249,1309.336444,5.196.78.28,192.168.3.103,MQTT,88,Publish Message [esp32/felipe/dht],4.398809,4.4382060000000365
132437,1314.954688,5.196.78.28,192.168.3.103,MQTT,88,Publish Message [esp32/felipe/dht],5.566619,5.618244000000004
132475,1320.373206,5.196.78.28,192.168.3.103,MQTT,88,Publish Message [esp32/felipe/dht],5.374338,5.418517999999949
132524,1325.780143,5.196.78.28,192.168.3.103,MQTT,88,Publish Message [esp32/felipe/dht],3.714698,5.406936999999971
132565,1331.264154,5.196.78.28,192.168.3.103,MQTT,88,Publish Message [esp32/felipe/dht],5.433755,5.4840110000000095
132604,1335.696747,5.196.78.28,192.168.3.103,MQTT,88,Publish Message [esp32/felipe/dht],4.380219,4.432592999999997
132649,1341.163656,5.196.78.28,192.168.3.103,MQTT,88,Publish Message [esp32/felipe/dht],5.421776,5.466908999999987
132714,1346.758594,5.196.78.28,192.168.3.103,MQTT,88,Publish Message [esp32/felipe/dht],5.544225,5.5949379999999564
132744,1352.156912,5.196.78.28,192.168.3.103,MQTT,88,Publish Message [esp32/felipe/dht],5.343598,5.3983180000000175
132774,1357.14046,5.196.78.28,192.168.3.103,MQTT,88,Publish Message [esp32/felipe/dht],4.935472,4.983548000000155
132809,1362.163969,5.196.78.28,192.168.3.103,MQTT,88,Publish Message [esp32/felipe/dht],4.972395,5.023508999999876
132856,1367.476906,5.196.78.28,192.168.3.103,MQTT,88,Publish Message [esp32/felipe/dht],5.262713,5.312937000000147
132921,1373.63069,5.196.78.28,192.168.3.103,MQTT,88,Publish Message [esp32/felipe/dht],6.103475,6.15378399999986
132973,1378.340171,5.196.78.28,192.168.3.103,MQTT,88,Publish Message [esp32/felipe/dht],4.656388,4.709481000000096
133005,1383.291266,5.196.78.28,192.168.3.103,MQTT,88,Publish Message [esp32/felipe/dht],0.801157,4.951094999999896
133047,1388.686347,5.196.78.28,192.168.3.103,MQTT,88,Publish Message [esp32/felipe/dht],5.343632,5.395081000000118
133080,1393.748772,5.196.78.28,192.168.3.103,MQTT,88,Publish Message [esp32/felipe/dht],5.011509,5.062424999999848
133116,1399.126694,5.196.78.28,192.168.3.103,MQTT,88,Publish Message [esp32/felipe/dht],5.329135,5.377922000000126
133219,1404.55162,5.196.78.28,192.168.3.103,MQTT,88,Publish Message [esp32/felipe/dht],5.371348,5.424925999999914
133257,1410.082855,5.196.78.28,192.168.3.103,MQTT,88,Publish Message [esp32/felipe/dht],5.488296,5.531235000000152
133301,1415.62544,5.196.78.28,192.168.3.103,MQTT,88,Publish Message [esp32/felipe/dht],5.496874,5.542584999999917
133343,1420.29898,5.196.78.28,192.168.3.103,MQTT,88,Publish Message [esp32/felipe/dht],4.6217,4.673540000000003
133386,1425.672329,5.196.78.28,192.168.3.103,MQTT,88,Publish Message [esp32/felipe/dht],5.327813,5.373348999999962
133424,1431.596856,5.196.78.28,192.168.3.103,MQTT,88,Publish Message [esp32/felipe/dht],5.874845,5.924526999999898
133455,1436.871565,5.196.78.28,192.168.3.103,MQTT,88,Publish Message [esp32/felipe/dht],5.230213,5.27470900000003
133483,1441.292546,5.196.78.28,192.168.3.103,MQTT,88,Publish Message [esp32/felipe/dht],4.379944,4.420980999999983
133525,1446.519345,5.196.78.28,192.168.3.103,MQTT,88,Publish Message [esp32/felipe/dht],2.773771,5.226799000000028
133560,1452.02398,5.196.78.28,192.168.3.103,MQTT,88,Publish Message [esp32/felipe/dht],5.451917,5.5046350000000075
133619,1457.449685,5.196.78.28,192.168.3.103,MQTT,88,Publish Message [esp32/felipe/dht],5.382165,5.425705000000107
133652,1462.920393,5.196.78.28,192.168.3.103,MQTT,88,Publish Message [esp32/felipe/dht],5.420561,5.470708000000059
133689,1468.690708,5.196.78.28,192.168.3.103,MQTT,88,Publish Message [esp32/felipe/dht],5.718835,5.770314999999982
133720,1473.45652,5.196.78.28,192.168.3.103,MQTT,88,Publish Message [esp32/felipe/dht],4.720274,4.765811999999869
133757,1478.624596,5.196.78.28,192.168.3.103,MQTT,88,Publish Message [esp32/felipe/dht],5.118607,5.1680760000001555
133787,1483.606732,5.196.78.28,192.168.3.103,MQTT,88,Publish Message [esp32/felipe/dht],4.933817,4.982135999999855
133819,1488.820242,5.196.78.28,192.168.3.103,MQTT,88,Publish Message [esp32/felipe/dht],5.162315,5.213510000000042
133843,1494.22527,5.196.78.28,192.168.3.103,MQTT,88,Publish Message [esp32/felipe/dht],5.355786,5.405027999999902
133920,1499.938547,5.196.78.28,192.168.3.103,MQTT,88,Publish Message [esp32/felipe/dht],5.665199,5.713277000000062
133981,1505.015286,5.196.78.28,192.168.3.103,MQTT,88,Publish Message [esp32/felipe/dht],0.161151,5.076739000000089
134009,1510.72326,5.196.78.28,192.168.3.103,MQTT,88,Publish Message [esp32/felipe/dht],5.667812,5.707973999999922
134032,1515.631974,5.196.78.28,192.168.3.103,MQTT,88,Publish Message [esp32/felipe/dht],4.863793,4.908713999999918
134068,1521.503202,5.196.78.28,192.168.3.103,MQTT,88,Publish Message [esp32/felipe/dht],5.826317,5.871228000000201
134094,1526.47548,5.196.78.28,192.168.3.103,MQTT,88,Publish Message [esp32/felipe/dht],4.92431,4.97227799999996
134130,1531.734616,5.196.78.28,192.168.3.103,MQTT,88,Publish Message [esp32/felipe/dht],5.205052,5.259135999999899
134166,1537.102933,5.196.78.28,192.168.3.103,MQTT,88,Publish Message [esp32/felipe/dht],5.323626,5.368316999999934
134194,1541.765599,5.196.78.28,192.168.3.103,MQTT,88,Publish Message [esp32/felipe/dht],4.617504,4.662666000000172
134222,1547.125655,5.196.78.28,192.168.3.103,MQTT,88,Publish Message [esp32/felipe/dht],5.311287,5.360055999999986
134266,1552.212336,5.196.78.28,192.168.3.103,MQTT,88,Publish Message [esp32/felipe/dht],5.037141,5.086680999999999
134307,1557.978357,5.196.78.28,192.168.3.103,MQTT,88,Publish Message [esp32/felipe/dht],5.720682,5.76602099999991
134327,1562.811235,5.196.78.28,192.168.3.103,MQTT,88,Publish Message [esp32/felipe/dht],4.781637,4.832877999999937
134384,1568.552228,5.196.78.28,192.168.3.103,MQTT,88,Publish Message [esp32/felipe/dht],3.299498,5.740993000000117
134412,1573.97832,5.196.78.28,192.168.3.103,MQTT,88,Publish Message [esp32/felipe/dht],5.380787,5.426091999999926
134455,1579.501524,5.196.78.28,192.168.3.103,MQTT,88,Publish Message [esp32/felipe/dht],5.472201,5.523204000000078
134594,1584.959355,5.196.78.28,192.168.3.103,MQTT,88,Publish Message [esp32/felipe/dht],5.409813,5.457830999999942
134625,1589.776517,5.196.78.28,192.168.3.103,MQTT,88,Publish Message [esp32/felipe/dht],4.771479,4.817162000000053
136386,1594.451657,5.196.78.28,192.168.3.103,MQTT,88,Publish Message [esp32/felipe/dht],4.621613,4.675140000000056
136432,1600.136478,5.196.78.28,192.168.3.103,MQTT,88,Publish Message [esp32/felipe/dht],5.63462,5.684820999999829
136455,1605.556527,5.196.78.28,192.168.3.103,MQTT,88,Publish Message [esp32/felipe/dht],5.375362,5.420049000000063
136494,1610.797134,5.196.78.28,192.168.3.103,MQTT,88,Publish Message [esp32/felipe/dht],5.192911,5.2406069999999545
136525,1616.253484,5.196.78.28,192.168.3.103,MQTT,88,Publish Message [esp32/felipe/dht],5.40382,5.456350000000157
136550,1621.900027,5.196.78.28,192.168.3.103,MQTT,88,Publish Message [esp32/felipe/dht],5.5931,5.646542999999838
136585,1626.719116,5.196.78.28,192.168.3.103,MQTT,88,Publish Message [esp32/felipe/dht],1.104925,4.819089000000076
136618,1631.572577,5.196.78.28,192.168.3.103,MQTT,88,Publish Message [esp32/felipe/dht],4.81136,4.853460999999925
136647,1636.721962,5.196.78.28,192.168.3.103,MQTT,88,Publish Message [esp32/felipe/dht],5.098346,5.149385000000166
136681,1642.528196,5.196.78.28,192.168.3.103,MQTT,88,Publish Message [esp32/felipe/dht],5.758928,5.806233999999904
136737,1648.105428,5.196.78.28,192.168.3.103,MQTT,88,Publish Message [esp32/felipe/dht],5.52403,5.577232000000095
136845,1653.749933,5.196.78.28,192.168.3.103,MQTT,88,Publish Message [esp32/felipe/dht],5.593164,5.644504999999981
136909,1658.124721,5.196.78.28,192.168.3.103,MQTT,88,Publish Message [esp32/felipe/dht],4.331051,4.374787999999853
137018,1663.307782,5.196.78.28,192.168.3.103,MQTT,88,Publish Message [esp32/felipe/dht],5.130771,5.18306100000018
137058,1668.757037,5.196.78.28,192.168.3.103,MQTT,88,Publish Message [esp32/felipe/dht],5.406163,5.449254999999994
137108,1673.656525,5.196.78.28,192.168.3.103,MQTT,88,Publish Message [esp32/felipe/dht],4.851212,4.899488000000019
137141,1678.744064,5.196.78.28,192.168.3.103,MQTT,88,Publish Message [esp32/felipe/dht],5.04352,5.087538999999879
137184,1684.339395,5.196.78.28,192.168.3.103,MQTT,88,Publish Message [esp32/felipe/dht],5.545311,5.595330999999987
137249,1689.419996,5.196.78.28,192.168.3.103,MQTT,88,Publish Message [esp32/felipe/dht],4.057627,5.080601000000115
137320,1694.888757,5.196.78.28,192.168.3.103,MQTT,88,Publish Message [esp32/felipe/dht],5.421248,5.4687609999998585
137349,1699.966427,5.196.78.28,192.168.3.103,MQTT,88,Publish Message [esp32/felipe/dht],5.03598,5.077670000000126
137414,1705.688903,5.196.78.28,192.168.3.103,MQTT,88,Publish Message [esp32/felipe/dht],5.680974,5.722475999999915
137448,1710.62574,5.196.78.28,192.168.3.103,MQTT,88,Publish Message [esp32/felipe/dht],4.887052,4.936836999999969
137484,1715.74265,5.196.78.28,192.168.3.103,MQTT,88,Publish Message [esp32/felipe/dht],5.065257,5.116909999999962
137522,1722.016098,5.196.78.28,192.168.3.103,MQTT,88,Publish Message [esp32/felipe/dht],6.226643,6.273448000000144
137549,1726.500714,5.196.78.28,192.168.3.103,MQTT,88,Publish Message [esp32/felipe/dht],4.444123,4.48461599999996
137581,1731.73171,5.196.78.28,192.168.3.103,MQTT,88,Publish Message [esp32/felipe/dht],5.182363,5.230996000000005
137615,1737.014329,5.196.78.28,192.168.3.103,MQTT,88,Publish Message [esp32/felipe/dht],5.231589,5.282619000000068
137636,1741.926391,5.196.78.28,192.168.3.103,MQTT,88,Publish Message [esp32/felipe/dht],4.861269,4.912061999999878
137677,1747.248513,5.196.78.28,192.168.3.103,MQTT,88,Publish Message [esp32/felipe/dht],1.271768,5.322122000000036
137711,1752.366965,5.196.78.28,192.168.3.103,MQTT,88,Publish Message [esp32/felipe/dht],5.063503,5.118451999999934
137782,1758.22995,5.196.78.28,192.168.3.103,MQTT,88,Publish Message [esp32/felipe/dht],5.812554,5.862984999999981
138204,1763.926947,5.196.78.28,192.168.3.103,MQTT,88,Publish Message [esp32/felipe/dht],5.648264,5.69699700000001
138233,1768.865227,5.196.78.28,192.168.3.103,MQTT,88,Publish Message [esp32/felipe/dht],4.885677,4.938280000000077
138280,1773.967607,5.196.78.28,192.168.3.103,MQTT,88,Publish Message [esp32/felipe/dht],5.054834,5.102380000000039
138323,1778.955412,5.196.78.28,192.168.3.103,MQTT,88,Publish Message [esp32/felipe/dht],4.937445,4.98780499999998
138369,1784.185346,5.196.78.28,192.168.3.103,MQTT,88,Publish Message [esp32/felipe/dht],5.184707,5.2299339999999575
138435,1790.00177,5.196.78.28,192.168.3.103,MQTT,88,Publish Message [esp32/felipe/dht],5.771001,5.816424000000097
138461,1795.359828,5.196.78.28,192.168.3.103,MQTT,88,Publish Message [esp32/felipe/dht],5.316116,5.358058000000028
138489,1800.799093,5.196.78.28,192.168.3.103,MQTT,88,Publish Message [esp32/felipe/dht],5.393396,5.439264999999978
